[ "urjanet.bifrost.BifrostResult", {
  "version" : "1.0",
  "request" : null,
  "resultCode" : "SUCCESS",
  "errorMsg" : null,
  "extract" : [ "urjanet.pull.core.Extract", {
    "subExtractMap" : [ "java.util.HashMap", {
      "statementGroup0" : [ "urjanet.pull.core.Extract", {
        "subExtractMap" : [ "java.util.HashMap", {
          "accountGroup0" : [ "urjanet.pull.core.Extract", {
            "subExtractMap" : [ "java.util.HashMap", {
              "meterGroup0" : [ "urjanet.pull.core.Extract", {
                "subExtractMap" : [ "java.util.HashMap", {
                  "usageGroup0" : [ "urjanet.pull.core.Extract", {
                    "subExtractMap" : [ "java.util.HashMap", {
                      "usageGroup0" : [ "urjanet.pull.core.Extract", {
                        "subExtractMap" : [ "java.util.HashMap", {
                          "chargeGroup0" : [ "urjanet.pull.core.Extract", {
                            "subExtractMap" : [ "java.util.HashMap", { } ],
                            "extractValuesMap" : [ "java.util.concurrent.ConcurrentHashMap", {
                              "meta.source_type" : [ "urjanet.pull.core.ExtractValue", {
                                "version" : null,
                                "id" : null,
                                "created" : [ "java.util.Date", 1445545564313 ],
                                "name" : "meta.source_type",
                                "value" : "PDF",
                                "formatHint" : null,
                                "operationType" : null,
                                "references" : [ "java.util.ArrayList", [ ] ]
                              } ],
                              "uc.charge_position" : [ "urjanet.pull.core.ExtractValue", {
                                "version" : null,
                                "id" : null,
                                "created" : [ "java.util.Date", 1445545564319 ],
                                "name" : "uc.charge_position",
                                "value" : "453",
                                "formatHint" : null,
                                "operationType" : null,
                                "references" : [ "java.util.ArrayList", [ ] ]
                              } ],
                              "uc.energy_unit" : [ "urjanet.pull.core.ExtractValue", {
                                "version" : null,
                                "id" : null,
                                "created" : [ "java.util.Date", 1445545564316 ],
                                "name" : "uc.energy_unit",
                                "value" : "therms",
                                "formatHint" : null,
                                "operationType" : null,
                                "references" : [ "java.util.ArrayList", [ ] ]
                              } ],
                              "uc.usage_charge_id" : [ "urjanet.pull.core.ExtractValue", {
                                "version" : null,
                                "id" : null,
                                "created" : [ "java.util.Date", 1445545564315 ],
                                "name" : "uc.usage_charge_id",
                                "value" : "ch.usage_charge",
                                "formatHint" : null,
                                "operationType" : null,
                                "references" : [ "java.util.ArrayList", [ ] ]
                              } ],
                              "uc.charge_rate" : [ "urjanet.pull.core.ExtractValue", {
                                "version" : null,
                                "id" : null,
                                "created" : [ "java.util.Date", 1445545564318 ],
                                "name" : "uc.charge_rate",
                                "value" : "$ 0.3910000",
                                "formatHint" : null,
                                "operationType" : null,
                                "references" : [ "java.util.ArrayList", [ ] ]
                              } ],
                              "t.number_of_days_in_period" : [ "urjanet.pull.core.ExtractValue", {
                                "version" : null,
                                "id" : null,
                                "created" : [ "java.util.Date", 1445545564315 ],
                                "name" : "t.number_of_days_in_period",
                                "value" : "17",
                                "formatHint" : null,
                                "operationType" : null,
                                "references" : [ "java.util.ArrayList", [ ] ]
                              } ],
                              "uc.charge_units_used" : [ "urjanet.pull.core.ExtractValue", {
                                "version" : null,
                                "id" : null,
                                "created" : [ "java.util.Date", 1445545564317 ],
                                "name" : "uc.charge_units_used",
                                "value" : "1,381.434",
                                "formatHint" : null,
                                "operationType" : null,
                                "references" : [ "java.util.ArrayList", [ ] ]
                              } ],
                              "uc.charge_amount" : [ "urjanet.pull.core.ExtractValue", {
                                "version" : null,
                                "id" : null,
                                "created" : [ "java.util.Date", 1445545564319 ],
                                "name" : "uc.charge_amount",
                                "value" : " $540.14",
                                "formatHint" : null,
                                "operationType" : null,
                                "references" : [ "java.util.ArrayList", [ ] ]
                              } ],
                              "uc.charge_actual_name" : [ "urjanet.pull.core.ExtractValue", {
                                "version" : null,
                                "id" : null,
                                "created" : [ "java.util.Date", 1445545564314 ],
                                "name" : "uc.charge_actual_name",
                                "value" : "Cost of Gas \n17 DAYS-Mar",
                                "formatHint" : null,
                                "operationType" : null,
                                "references" : [ "java.util.ArrayList", [ ] ]
                              } ]
                            } ],
                            "contextVariables" : [ "java.util.concurrent.ConcurrentHashMap", { } ],
                            "references" : [ "java.util.ArrayList", [ ] ],
                            "sourceNodes" : [ "java.util.ArrayList", [ ] ],
                            "checksums" : [ "java.util.ArrayList", [ 7352732378 ] ],
                            "groupPolicy" : [ "urjanet.pull.web.GroupPolicy", {
                              "groupName" : "chargeGroup",
                              "action" : "ENUMERATE_NEXT"
                            } ],
                            "name" : "chargeGroup0"
                          } ]
                        } ],
                        "extractValuesMap" : [ "java.util.concurrent.ConcurrentHashMap", {
                          "meta.source_type" : [ "urjanet.pull.core.ExtractValue", {
                            "version" : null,
                            "id" : null,
                            "created" : [ "java.util.Date", 1445545564312 ],
                            "name" : "meta.source_type",
                            "value" : "PDF",
                            "formatHint" : null,
                            "operationType" : null,
                            "references" : [ "java.util.ArrayList", [ ] ]
                          } ],
                          "u.actual_usage" : [ "urjanet.pull.core.ExtractValue", {
                            "version" : null,
                            "id" : null,
                            "created" : [ "java.util.Date", 1445545564320 ],
                            "name" : "u.actual_usage",
                            "value" : "1,381.434",
                            "formatHint" : null,
                            "operationType" : null,
                            "references" : [ "java.util.ArrayList", [ ] ]
                          } ],
                          "u.measurement_type" : [ "urjanet.pull.core.ExtractValue", {
                            "version" : null,
                            "id" : null,
                            "created" : [ "java.util.Date", 1445545564313 ],
                            "name" : "u.measurement_type",
                            "value" : "general_consumption",
                            "formatHint" : null,
                            "operationType" : null,
                            "references" : [ "java.util.ArrayList", [ ] ]
                          } ],
                          "u.energy_unit" : [ "urjanet.pull.core.ExtractValue", {
                            "version" : null,
                            "id" : null,
                            "created" : [ "java.util.Date", 1445545564313 ],
                            "name" : "u.energy_unit",
                            "value" : "therms",
                            "formatHint" : null,
                            "operationType" : null,
                            "references" : [ "java.util.ArrayList", [ ] ]
                          } ],
                          "u.rate_component_id" : [ "urjanet.pull.core.ExtractValue", {
                            "version" : null,
                            "id" : null,
                            "created" : [ "java.util.Date", 1445545564313 ],
                            "name" : "u.rate_component_id",
                            "value" : "not_available",
                            "formatHint" : null,
                            "operationType" : null,
                            "references" : [ "java.util.ArrayList", [ ] ]
                          } ],
                          "u.usage_actual_name" : [ "urjanet.pull.core.ExtractValue", {
                            "version" : null,
                            "id" : null,
                            "created" : [ "java.util.Date", 1445545564312 ],
                            "name" : "u.usage_actual_name",
                            "value" : "17 DAYS-Mar",
                            "formatHint" : null,
                            "operationType" : null,
                            "references" : [ "java.util.ArrayList", [ ] ]
                          } ],
                          "t.number_of_days_in_period" : [ "urjanet.pull.core.ExtractValue", {
                            "version" : null,
                            "id" : null,
                            "created" : [ "java.util.Date", 1445545564313 ],
                            "name" : "t.number_of_days_in_period",
                            "value" : "17",
                            "formatHint" : null,
                            "operationType" : null,
                            "references" : [ "java.util.ArrayList", [ ] ]
                          } ]
                        } ],
                        "contextVariables" : [ "java.util.concurrent.ConcurrentHashMap", { } ],
                        "references" : [ "java.util.ArrayList", [ ] ],
                        "sourceNodes" : [ "java.util.ArrayList", [ ] ],
                        "checksums" : [ "java.util.ArrayList", [ 7352732378 ] ],
                        "groupPolicy" : [ "urjanet.pull.web.GroupPolicy", {
                          "groupName" : "usageGroup",
                          "action" : "ENUMERATE_NEXT"
                        } ],
                        "name" : "usageGroup0"
                      } ],
                      "usageGroup1" : [ "urjanet.pull.core.Extract", {
                        "subExtractMap" : [ "java.util.HashMap", {
                          "chargeGroup0" : [ "urjanet.pull.core.Extract", {
                            "subExtractMap" : [ "java.util.HashMap", { } ],
                            "extractValuesMap" : [ "java.util.concurrent.ConcurrentHashMap", {
                              "meta.source_type" : [ "urjanet.pull.core.ExtractValue", {
                                "version" : null,
                                "id" : null,
                                "created" : [ "java.util.Date", 1445545564322 ],
                                "name" : "meta.source_type",
                                "value" : "PDF",
                                "formatHint" : null,
                                "operationType" : null,
                                "references" : [ "java.util.ArrayList", [ ] ]
                              } ],
                              "uc.charge_position" : [ "urjanet.pull.core.ExtractValue", {
                                "version" : null,
                                "id" : null,
                                "created" : [ "java.util.Date", 1445545564327 ],
                                "name" : "uc.charge_position",
                                "value" : "466",
                                "formatHint" : null,
                                "operationType" : null,
                                "references" : [ "java.util.ArrayList", [ ] ]
                              } ],
                              "uc.energy_unit" : [ "urjanet.pull.core.ExtractValue", {
                                "version" : null,
                                "id" : null,
                                "created" : [ "java.util.Date", 1445545564323 ],
                                "name" : "uc.energy_unit",
                                "value" : "therms",
                                "formatHint" : null,
                                "operationType" : null,
                                "references" : [ "java.util.ArrayList", [ ] ]
                              } ],
                              "uc.usage_charge_id" : [ "urjanet.pull.core.ExtractValue", {
                                "version" : null,
                                "id" : null,
                                "created" : [ "java.util.Date", 1445545564323 ],
                                "name" : "uc.usage_charge_id",
                                "value" : "ch.usage_charge",
                                "formatHint" : null,
                                "operationType" : null,
                                "references" : [ "java.util.ArrayList", [ ] ]
                              } ],
                              "uc.charge_rate" : [ "urjanet.pull.core.ExtractValue", {
                                "version" : null,
                                "id" : null,
                                "created" : [ "java.util.Date", 1445545564323 ],
                                "name" : "uc.charge_rate",
                                "value" : "$ 0.3562000",
                                "formatHint" : null,
                                "operationType" : null,
                                "references" : [ "java.util.ArrayList", [ ] ]
                              } ],
                              "t.number_of_days_in_period" : [ "urjanet.pull.core.ExtractValue", {
                                "version" : null,
                                "id" : null,
                                "created" : [ "java.util.Date", 1445545564323 ],
                                "name" : "t.number_of_days_in_period",
                                "value" : "13",
                                "formatHint" : null,
                                "operationType" : null,
                                "references" : [ "java.util.ArrayList", [ ] ]
                              } ],
                              "uc.charge_units_used" : [ "urjanet.pull.core.ExtractValue", {
                                "version" : null,
                                "id" : null,
                                "created" : [ "java.util.Date", 1445545564323 ],
                                "name" : "uc.charge_units_used",
                                "value" : "1,056.391",
                                "formatHint" : null,
                                "operationType" : null,
                                "references" : [ "java.util.ArrayList", [ ] ]
                              } ],
                              "uc.charge_amount" : [ "urjanet.pull.core.ExtractValue", {
                                "version" : null,
                                "id" : null,
                                "created" : [ "java.util.Date", 1445545564324 ],
                                "name" : "uc.charge_amount",
                                "value" : " $376.29",
                                "formatHint" : null,
                                "operationType" : null,
                                "references" : [ "java.util.ArrayList", [ ] ]
                              } ],
                              "uc.charge_actual_name" : [ "urjanet.pull.core.ExtractValue", {
                                "version" : null,
                                "id" : null,
                                "created" : [ "java.util.Date", 1445545564322 ],
                                "name" : "uc.charge_actual_name",
                                "value" : "Cost of Gas \n13 DAYS-Apr",
                                "formatHint" : null,
                                "operationType" : null,
                                "references" : [ "java.util.ArrayList", [ ] ]
                              } ]
                            } ],
                            "contextVariables" : [ "java.util.concurrent.ConcurrentHashMap", { } ],
                            "references" : [ "java.util.ArrayList", [ ] ],
                            "sourceNodes" : [ "java.util.ArrayList", [ ] ],
                            "checksums" : [ "java.util.ArrayList", [ 7352732378 ] ],
                            "groupPolicy" : [ "urjanet.pull.web.GroupPolicy", {
                              "groupName" : "chargeGroup",
                              "action" : "ENUMERATE_NEXT"
                            } ],
                            "name" : "chargeGroup0"
                          } ]
                        } ],
                        "extractValuesMap" : [ "java.util.concurrent.ConcurrentHashMap", {
                          "meta.source_type" : [ "urjanet.pull.core.ExtractValue", {
                            "version" : null,
                            "id" : null,
                            "created" : [ "java.util.Date", 1445545564320 ],
                            "name" : "meta.source_type",
                            "value" : "PDF",
                            "formatHint" : null,
                            "operationType" : null,
                            "references" : [ "java.util.ArrayList", [ ] ]
                          } ],
                          "u.actual_usage" : [ "urjanet.pull.core.ExtractValue", {
                            "version" : null,
                            "id" : null,
                            "created" : [ "java.util.Date", 1445545564328 ],
                            "name" : "u.actual_usage",
                            "value" : "1,056.391",
                            "formatHint" : null,
                            "operationType" : null,
                            "references" : [ "java.util.ArrayList", [ ] ]
                          } ],
                          "u.measurement_type" : [ "urjanet.pull.core.ExtractValue", {
                            "version" : null,
                            "id" : null,
                            "created" : [ "java.util.Date", 1445545564321 ],
                            "name" : "u.measurement_type",
                            "value" : "general_consumption",
                            "formatHint" : null,
                            "operationType" : null,
                            "references" : [ "java.util.ArrayList", [ ] ]
                          } ],
                          "u.energy_unit" : [ "urjanet.pull.core.ExtractValue", {
                            "version" : null,
                            "id" : null,
                            "created" : [ "java.util.Date", 1445545564321 ],
                            "name" : "u.energy_unit",
                            "value" : "therms",
                            "formatHint" : null,
                            "operationType" : null,
                            "references" : [ "java.util.ArrayList", [ ] ]
                          } ],
                          "u.rate_component_id" : [ "urjanet.pull.core.ExtractValue", {
                            "version" : null,
                            "id" : null,
                            "created" : [ "java.util.Date", 1445545564322 ],
                            "name" : "u.rate_component_id",
                            "value" : "not_available",
                            "formatHint" : null,
                            "operationType" : null,
                            "references" : [ "java.util.ArrayList", [ ] ]
                          } ],
                          "u.usage_actual_name" : [ "urjanet.pull.core.ExtractValue", {
                            "version" : null,
                            "id" : null,
                            "created" : [ "java.util.Date", 1445545564321 ],
                            "name" : "u.usage_actual_name",
                            "value" : "13 DAYS-Apr",
                            "formatHint" : null,
                            "operationType" : null,
                            "references" : [ "java.util.ArrayList", [ ] ]
                          } ],
                          "t.number_of_days_in_period" : [ "urjanet.pull.core.ExtractValue", {
                            "version" : null,
                            "id" : null,
                            "created" : [ "java.util.Date", 1445545564321 ],
                            "name" : "t.number_of_days_in_period",
                            "value" : "13",
                            "formatHint" : null,
                            "operationType" : null,
                            "references" : [ "java.util.ArrayList", [ ] ]
                          } ]
                        } ],
                        "contextVariables" : [ "java.util.concurrent.ConcurrentHashMap", { } ],
                        "references" : [ "java.util.ArrayList", [ ] ],
                        "sourceNodes" : [ "java.util.ArrayList", [ ] ],
                        "checksums" : [ "java.util.ArrayList", [ 7352732378 ] ],
                        "groupPolicy" : [ "urjanet.pull.web.GroupPolicy", {
                          "groupName" : "usageGroup",
                          "action" : "ENUMERATE_NEXT"
                        } ],
                        "name" : "usageGroup1"
                      } ],
                      "chargeGroup1" : [ "urjanet.pull.core.Extract", {
                        "subExtractMap" : [ "java.util.HashMap", { } ],
                        "extractValuesMap" : [ "java.util.concurrent.ConcurrentHashMap", {
                          "meta.source_type" : [ "urjanet.pull.core.ExtractValue", {
                            "version" : null,
                            "id" : null,
                            "created" : [ "java.util.Date", 1445545564334 ],
                            "name" : "meta.source_type",
                            "value" : "PDF",
                            "formatHint" : null,
                            "operationType" : null,
                            "references" : [ "java.util.ArrayList", [ ] ]
                          } ],
                          "uc.charge_position" : [ "urjanet.pull.core.ExtractValue", {
                            "version" : null,
                            "id" : null,
                            "created" : [ "java.util.Date", 1445545564336 ],
                            "name" : "uc.charge_position",
                            "value" : "486",
                            "formatHint" : null,
                            "operationType" : null,
                            "references" : [ "java.util.ArrayList", [ ] ]
                          } ],
                          "uc.energy_unit" : [ "urjanet.pull.core.ExtractValue", {
                            "version" : null,
                            "id" : null,
                            "created" : [ "java.util.Date", 1445545564334 ],
                            "name" : "uc.energy_unit",
                            "value" : "therms",
                            "formatHint" : null,
                            "operationType" : null,
                            "references" : [ "java.util.ArrayList", [ ] ]
                          } ],
                          "uc.usage_charge_id" : [ "urjanet.pull.core.ExtractValue", {
                            "version" : null,
                            "id" : null,
                            "created" : [ "java.util.Date", 1445545564334 ],
                            "name" : "uc.usage_charge_id",
                            "value" : "ch.distribution_charge",
                            "formatHint" : null,
                            "operationType" : null,
                            "references" : [ "java.util.ArrayList", [ ] ]
                          } ],
                          "uc.charge_rate" : [ "urjanet.pull.core.ExtractValue", {
                            "version" : null,
                            "id" : null,
                            "created" : [ "java.util.Date", 1445545564335 ],
                            "name" : "uc.charge_rate",
                            "value" : "0.0788000",
                            "formatHint" : null,
                            "operationType" : null,
                            "references" : [ "java.util.ArrayList", [ ] ]
                          } ],
                          "uc.charge_units_used" : [ "urjanet.pull.core.ExtractValue", {
                            "version" : null,
                            "id" : null,
                            "created" : [ "java.util.Date", 1445545564334 ],
                            "name" : "uc.charge_units_used",
                            "value" : "2,437.825",
                            "formatHint" : null,
                            "operationType" : null,
                            "references" : [ "java.util.ArrayList", [ ] ]
                          } ],
                          "uc.charge_amount" : [ "urjanet.pull.core.ExtractValue", {
                            "version" : null,
                            "id" : null,
                            "created" : [ "java.util.Date", 1445545564335 ],
                            "name" : "uc.charge_amount",
                            "value" : "192.10",
                            "formatHint" : null,
                            "operationType" : null,
                            "references" : [ "java.util.ArrayList", [ ] ]
                          } ],
                          "uc.rate_component_id" : [ "urjanet.pull.core.ExtractValue", {
                            "version" : null,
                            "id" : null,
                            "created" : [ "java.util.Date", 1445545564334 ],
                            "name" : "uc.rate_component_id",
                            "value" : "not_available",
                            "formatHint" : null,
                            "operationType" : null,
                            "references" : [ "java.util.ArrayList", [ ] ]
                          } ],
                          "uc.charge_actual_name" : [ "urjanet.pull.core.ExtractValue", {
                            "version" : null,
                            "id" : null,
                            "created" : [ "java.util.Date", 1445545564334 ],
                            "name" : "uc.charge_actual_name",
                            "value" : "Distribution",
                            "formatHint" : null,
                            "operationType" : null,
                            "references" : [ "java.util.ArrayList", [ ] ]
                          } ]
                        } ],
                        "contextVariables" : [ "java.util.concurrent.ConcurrentHashMap", { } ],
                        "references" : [ "java.util.ArrayList", [ ] ],
                        "sourceNodes" : [ "java.util.ArrayList", [ ] ],
                        "checksums" : [ "java.util.ArrayList", [ 7352732378 ] ],
                        "groupPolicy" : [ "urjanet.pull.web.GroupPolicy", {
                          "groupName" : "chargeGroup",
                          "action" : "ENUMERATE_NEXT"
                        } ],
                        "name" : "chargeGroup1"
                      } ],
                      "chargeGroup2" : [ "urjanet.pull.core.Extract", {
                        "subExtractMap" : [ "java.util.HashMap", { } ],
                        "extractValuesMap" : [ "java.util.concurrent.ConcurrentHashMap", {
                          "meta.source_type" : [ "urjanet.pull.core.ExtractValue", {
                            "version" : null,
                            "id" : null,
                            "created" : [ "java.util.Date", 1445545564338 ],
                            "name" : "meta.source_type",
                            "value" : "PDF",
                            "formatHint" : null,
                            "operationType" : null,
                            "references" : [ "java.util.ArrayList", [ ] ]
                          } ],
                          "uc.charge_position" : [ "urjanet.pull.core.ExtractValue", {
                            "version" : null,
                            "id" : null,
                            "created" : [ "java.util.Date", 1445545564342 ],
                            "name" : "uc.charge_position",
                            "value" : "495",
                            "formatHint" : null,
                            "operationType" : null,
                            "references" : [ "java.util.ArrayList", [ ] ]
                          } ],
                          "uc.energy_unit" : [ "urjanet.pull.core.ExtractValue", {
                            "version" : null,
                            "id" : null,
                            "created" : [ "java.util.Date", 1445545564339 ],
                            "name" : "uc.energy_unit",
                            "value" : "therms",
                            "formatHint" : null,
                            "operationType" : null,
                            "references" : [ "java.util.ArrayList", [ ] ]
                          } ],
                          "uc.usage_charge_id" : [ "urjanet.pull.core.ExtractValue", {
                            "version" : null,
                            "id" : null,
                            "created" : [ "java.util.Date", 1445545564339 ],
                            "name" : "uc.usage_charge_id",
                            "value" : "ch.transmission_charge",
                            "formatHint" : null,
                            "operationType" : null,
                            "references" : [ "java.util.ArrayList", [ ] ]
                          } ],
                          "uc.charge_rate" : [ "urjanet.pull.core.ExtractValue", {
                            "version" : null,
                            "id" : null,
                            "created" : [ "java.util.Date", 1445545564340 ],
                            "name" : "uc.charge_rate",
                            "value" : "0.0707000",
                            "formatHint" : null,
                            "operationType" : null,
                            "references" : [ "java.util.ArrayList", [ ] ]
                          } ],
                          "uc.charge_units_used" : [ "urjanet.pull.core.ExtractValue", {
                            "version" : null,
                            "id" : null,
                            "created" : [ "java.util.Date", 1445545564340 ],
                            "name" : "uc.charge_units_used",
                            "value" : "2,437.825",
                            "formatHint" : null,
                            "operationType" : null,
                            "references" : [ "java.util.ArrayList", [ ] ]
                          } ],
                          "uc.charge_amount" : [ "urjanet.pull.core.ExtractValue", {
                            "version" : null,
                            "id" : null,
                            "created" : [ "java.util.Date", 1445545564341 ],
                            "name" : "uc.charge_amount",
                            "value" : "172.35",
                            "formatHint" : null,
                            "operationType" : null,
                            "references" : [ "java.util.ArrayList", [ ] ]
                          } ],
                          "uc.rate_component_id" : [ "urjanet.pull.core.ExtractValue", {
                            "version" : null,
                            "id" : null,
                            "created" : [ "java.util.Date", 1445545564340 ],
                            "name" : "uc.rate_component_id",
                            "value" : "not_available",
                            "formatHint" : null,
                            "operationType" : null,
                            "references" : [ "java.util.ArrayList", [ ] ]
                          } ],
                          "uc.charge_actual_name" : [ "urjanet.pull.core.ExtractValue", {
                            "version" : null,
                            "id" : null,
                            "created" : [ "java.util.Date", 1445545564339 ],
                            "name" : "uc.charge_actual_name",
                            "value" : "Transmission",
                            "formatHint" : null,
                            "operationType" : null,
                            "references" : [ "java.util.ArrayList", [ ] ]
                          } ]
                        } ],
                        "contextVariables" : [ "java.util.concurrent.ConcurrentHashMap", { } ],
                        "references" : [ "java.util.ArrayList", [ ] ],
                        "sourceNodes" : [ "java.util.ArrayList", [ ] ],
                        "checksums" : [ "java.util.ArrayList", [ 7352732378 ] ],
                        "groupPolicy" : [ "urjanet.pull.web.GroupPolicy", {
                          "groupName" : "chargeGroup",
                          "action" : "ENUMERATE_NEXT"
                        } ],
                        "name" : "chargeGroup2"
                      } ],
                      "chargeGroup0" : [ "urjanet.pull.core.Extract", {
                        "subExtractMap" : [ "java.util.HashMap", { } ],
                        "extractValuesMap" : [ "java.util.concurrent.ConcurrentHashMap", {
                          "meta.source_type" : [ "urjanet.pull.core.ExtractValue", {
                            "version" : null,
                            "id" : null,
                            "created" : [ "java.util.Date", 1445545564330 ],
                            "name" : "meta.source_type",
                            "value" : "PDF",
                            "formatHint" : null,
                            "operationType" : null,
                            "references" : [ "java.util.ArrayList", [ ] ]
                          } ],
                          "uc.charge_position" : [ "urjanet.pull.core.ExtractValue", {
                            "version" : null,
                            "id" : null,
                            "created" : [ "java.util.Date", 1445545564332 ],
                            "name" : "uc.charge_position",
                            "value" : "478",
                            "formatHint" : null,
                            "operationType" : null,
                            "references" : [ "java.util.ArrayList", [ ] ]
                          } ],
                          "uc.energy_unit" : [ "urjanet.pull.core.ExtractValue", {
                            "version" : null,
                            "id" : null,
                            "created" : [ "java.util.Date", 1445545564330 ],
                            "name" : "uc.energy_unit",
                            "value" : "therms",
                            "formatHint" : null,
                            "operationType" : null,
                            "references" : [ "java.util.ArrayList", [ ] ]
                          } ],
                          "uc.usage_charge_id" : [ "urjanet.pull.core.ExtractValue", {
                            "version" : null,
                            "id" : null,
                            "created" : [ "java.util.Date", 1445545564331 ],
                            "name" : "uc.usage_charge_id",
                            "value" : "ch.sales_and_use_surcharge",
                            "formatHint" : null,
                            "operationType" : null,
                            "references" : [ "java.util.ArrayList", [ ] ]
                          } ],
                          "uc.charge_rate" : [ "urjanet.pull.core.ExtractValue", {
                            "version" : null,
                            "id" : null,
                            "created" : [ "java.util.Date", 1445545564332 ],
                            "name" : "uc.charge_rate",
                            "value" : "0.0001000",
                            "formatHint" : null,
                            "operationType" : null,
                            "references" : [ "java.util.ArrayList", [ ] ]
                          } ],
                          "uc.charge_units_used" : [ "urjanet.pull.core.ExtractValue", {
                            "version" : null,
                            "id" : null,
                            "created" : [ "java.util.Date", 1445545564331 ],
                            "name" : "uc.charge_units_used",
                            "value" : "2,437.825",
                            "formatHint" : null,
                            "operationType" : null,
                            "references" : [ "java.util.ArrayList", [ ] ]
                          } ],
                          "uc.charge_amount" : [ "urjanet.pull.core.ExtractValue", {
                            "version" : null,
                            "id" : null,
                            "created" : [ "java.util.Date", 1445545564332 ],
                            "name" : "uc.charge_amount",
                            "value" : "0.24",
                            "formatHint" : null,
                            "operationType" : null,
                            "references" : [ "java.util.ArrayList", [ ] ]
                          } ],
                          "uc.rate_component_id" : [ "urjanet.pull.core.ExtractValue", {
                            "version" : null,
                            "id" : null,
                            "created" : [ "java.util.Date", 1445545564331 ],
                            "name" : "uc.rate_component_id",
                            "value" : "not_available",
                            "formatHint" : null,
                            "operationType" : null,
                            "references" : [ "java.util.ArrayList", [ ] ]
                          } ],
                          "uc.charge_actual_name" : [ "urjanet.pull.core.ExtractValue", {
                            "version" : null,
                            "id" : null,
                            "created" : [ "java.util.Date", 1445545564330 ],
                            "name" : "uc.charge_actual_name",
                            "value" : "Surcharge",
                            "formatHint" : null,
                            "operationType" : null,
                            "references" : [ "java.util.ArrayList", [ ] ]
                          } ]
                        } ],
                        "contextVariables" : [ "java.util.concurrent.ConcurrentHashMap", { } ],
                        "references" : [ "java.util.ArrayList", [ ] ],
                        "sourceNodes" : [ "java.util.ArrayList", [ ] ],
                        "checksums" : [ "java.util.ArrayList", [ 7352732378 ] ],
                        "groupPolicy" : [ "urjanet.pull.web.GroupPolicy", {
                          "groupName" : "chargeGroup",
                          "action" : "ENUMERATE_NEXT"
                        } ],
                        "name" : "chargeGroup0"
                      } ]
                    } ],
                    "extractValuesMap" : [ "java.util.concurrent.ConcurrentHashMap", {
                      "meta.source_type" : [ "urjanet.pull.core.ExtractValue", {
                        "version" : null,
                        "id" : null,
                        "created" : [ "java.util.Date", 1445545564297 ],
                        "name" : "meta.source_type",
                        "value" : "PDF",
                        "formatHint" : null,
                        "operationType" : null,
                        "references" : [ "java.util.ArrayList", [ ] ]
                      } ],
                      "u.meter_conversion_multiplier" : [ "urjanet.pull.core.ExtractValue", {
                        "version" : null,
                        "id" : null,
                        "created" : [ "java.util.Date", 1445545564298 ],
                        "name" : "u.meter_conversion_multiplier",
                        "value" : "0.859600",
                        "formatHint" : null,
                        "operationType" : null,
                        "references" : [ "java.util.ArrayList", [ ] ]
                      } ],
                      "u.meter_read_date" : [ "urjanet.pull.core.ExtractValue", {
                        "version" : null,
                        "id" : null,
                        "created" : [ "java.util.Date", 1445545564298 ],
                        "name" : "u.meter_read_date",
                        "value" : "13-APR-2012",
                        "formatHint" : "dd-MMM-yyyy",
                        "operationType" : null,
                        "references" : [ "java.util.ArrayList", [ ] ]
                      } ],
                      "u.actual_usage" : [ "urjanet.pull.core.ExtractValue", {
                        "version" : null,
                        "id" : null,
                        "created" : [ "java.util.Date", 1445545564304 ],
                        "name" : "u.actual_usage",
                        "value" : "2437.825",
                        "formatHint" : null,
                        "operationType" : null,
                        "references" : [ "java.util.ArrayList", [ ] ]
                      } ],
                      "u.measurement_type" : [ "urjanet.pull.core.ExtractValue", {
                        "version" : null,
                        "id" : null,
                        "created" : [ "java.util.Date", 1445545564297 ],
                        "name" : "u.measurement_type",
                        "value" : "general_consumption",
                        "formatHint" : null,
                        "operationType" : null,
                        "references" : [ "java.util.ArrayList", [ ] ]
                      } ],
                      "u.energy_unit" : [ "urjanet.pull.core.ExtractValue", {
                        "version" : null,
                        "id" : null,
                        "created" : [ "java.util.Date", 1445545564297 ],
                        "name" : "u.energy_unit",
                        "value" : "therms",
                        "formatHint" : null,
                        "operationType" : null,
                        "references" : [ "java.util.ArrayList", [ ] ]
                      } ],
                      "u.rate_component_id" : [ "urjanet.pull.core.ExtractValue", {
                        "version" : null,
                        "id" : null,
                        "created" : [ "java.util.Date", 1445545564344 ],
                        "name" : "u.rate_component_id",
                        "value" : "total",
                        "formatHint" : null,
                        "operationType" : null,
                        "references" : [ "java.util.ArrayList", [ ] ]
                      } ],
                      "u.meter_reading_delta_energy_unit_id" : [ "urjanet.pull.core.ExtractValue", {
                        "version" : null,
                        "id" : null,
                        "created" : [ "java.util.Date", 1445545564304 ],
                        "name" : "u.meter_reading_delta_energy_unit_id",
                        "value" : "ccf",
                        "formatHint" : null,
                        "operationType" : null,
                        "references" : [ "java.util.ArrayList", [ ] ]
                      } ],
                      "u.meter_reading_raw" : [ "urjanet.pull.core.ExtractValue", {
                        "version" : null,
                        "id" : null,
                        "created" : [ "java.util.Date", 1445545564303 ],
                        "name" : "u.meter_reading_raw",
                        "value" : "661093",
                        "formatHint" : null,
                        "operationType" : null,
                        "references" : [ "java.util.ArrayList", [ ] ]
                      } ],
                      "u.meter_reading_delta" : [ "urjanet.pull.core.ExtractValue", {
                        "version" : null,
                        "id" : null,
                        "created" : [ "java.util.Date", 1445545564304 ],
                        "name" : "u.meter_reading_delta",
                        "value" : "2836.000",
                        "formatHint" : null,
                        "operationType" : null,
                        "references" : [ "java.util.ArrayList", [ ] ]
                      } ],
                      "u.meter_constant_multiplier" : [ "urjanet.pull.core.ExtractValue", {
                        "version" : null,
                        "id" : null,
                        "created" : [ "java.util.Date", 1445545564298 ],
                        "name" : "u.meter_constant_multiplier",
                        "value" : "1.000",
                        "formatHint" : null,
                        "operationType" : null,
                        "references" : [ "java.util.ArrayList", [ ] ]
                      } ],
                      "t.number_of_days_in_period" : [ "urjanet.pull.core.ExtractValue", {
                        "version" : null,
                        "id" : null,
                        "created" : [ "java.util.Date", 1445545564298 ],
                        "name" : "t.number_of_days_in_period",
                        "value" : "30",
                        "formatHint" : null,
                        "operationType" : null,
                        "references" : [ "java.util.ArrayList", [ ] ]
                      } ],
                      "u.read_type_id" : [ "urjanet.pull.core.ExtractValue", {
                        "version" : null,
                        "id" : null,
                        "created" : [ "java.util.Date", 1445545564300 ],
                        "name" : "u.read_type_id",
                        "value" : "actual",
                        "formatHint" : null,
                        "operationType" : null,
                        "references" : [ "java.util.ArrayList", [ ] ]
                      } ],
                      "u.meter_reading_raw_previous" : [ "urjanet.pull.core.ExtractValue", {
                        "version" : null,
                        "id" : null,
                        "created" : [ "java.util.Date", 1445545564303 ],
                        "name" : "u.meter_reading_raw_previous",
                        "value" : "658257",
                        "formatHint" : null,
                        "operationType" : null,
                        "references" : [ "java.util.ArrayList", [ ] ]
                      } ],
                      "u.read_type_as_printed" : [ "urjanet.pull.core.ExtractValue", {
                        "version" : null,
                        "id" : null,
                        "created" : [ "java.util.Date", 1445545564299 ],
                        "name" : "u.read_type_as_printed",
                        "value" : "Actual",
                        "formatHint" : null,
                        "operationType" : null,
                        "references" : [ "java.util.ArrayList", [ ] ]
                      } ]
                    } ],
                    "contextVariables" : [ "java.util.concurrent.ConcurrentHashMap", { } ],
                    "references" : [ "java.util.ArrayList", [ ] ],
                    "sourceNodes" : [ "java.util.ArrayList", [ ] ],
                    "checksums" : [ "java.util.ArrayList", [ 7352732378 ] ],
                    "groupPolicy" : [ "urjanet.pull.web.GroupPolicy", {
                      "groupName" : "usageGroup",
                      "action" : "ENUMERATE_NEXT"
                    } ],
                    "name" : "usageGroup0"
                  } ],
                  "chargeGroup3" : [ "urjanet.pull.core.Extract", {
                    "subExtractMap" : [ "java.util.HashMap", { } ],
                    "extractValuesMap" : [ "java.util.concurrent.ConcurrentHashMap", {
                      "meta.source_type" : [ "urjanet.pull.core.ExtractValue", {
                        "version" : null,
                        "id" : null,
                        "created" : [ "java.util.Date", 1445545564361 ],
                        "name" : "meta.source_type",
                        "value" : "PDF",
                        "formatHint" : null,
                        "operationType" : null,
                        "references" : [ "java.util.ArrayList", [ ] ]
                      } ],
                      "uc.charge_position" : [ "urjanet.pull.core.ExtractValue", {
                        "version" : null,
                        "id" : null,
                        "created" : [ "java.util.Date", 1445545564365 ],
                        "name" : "uc.charge_position",
                        "value" : "524",
                        "formatHint" : null,
                        "operationType" : null,
                        "references" : [ "java.util.ArrayList", [ ] ]
                      } ],
                      "uc.usage_charge_id" : [ "urjanet.pull.core.ExtractValue", {
                        "version" : null,
                        "id" : null,
                        "created" : [ "java.util.Date", 1445545564362 ],
                        "name" : "uc.usage_charge_id",
                        "value" : "ch.franchise_charge",
                        "formatHint" : null,
                        "operationType" : null,
                        "references" : [ "java.util.ArrayList", [ ] ]
                      } ],
                      "uc.charge_amount" : [ "urjanet.pull.core.ExtractValue", {
                        "version" : null,
                        "id" : null,
                        "created" : [ "java.util.Date", 1445545564365 ],
                        "name" : "uc.charge_amount",
                        "value" : "26.37",
                        "formatHint" : null,
                        "operationType" : null,
                        "references" : [ "java.util.ArrayList", [ ] ]
                      } ],
                      "uc.rate_component_id" : [ "urjanet.pull.core.ExtractValue", {
                        "version" : null,
                        "id" : null,
                        "created" : [ "java.util.Date", 1445545564362 ],
                        "name" : "uc.rate_component_id",
                        "value" : "not_available",
                        "formatHint" : null,
                        "operationType" : null,
                        "references" : [ "java.util.ArrayList", [ ] ]
                      } ],
                      "uc.charge_actual_name" : [ "urjanet.pull.core.ExtractValue", {
                        "version" : null,
                        "id" : null,
                        "created" : [ "java.util.Date", 1445545564361 ],
                        "name" : "uc.charge_actual_name",
                        "value" : "Franchise Fee",
                        "formatHint" : null,
                        "operationType" : null,
                        "references" : [ "java.util.ArrayList", [ ] ]
                      } ]
                    } ],
                    "contextVariables" : [ "java.util.concurrent.ConcurrentHashMap", { } ],
                    "references" : [ "java.util.ArrayList", [ ] ],
                    "sourceNodes" : [ "java.util.ArrayList", [ ] ],
                    "checksums" : [ "java.util.ArrayList", [ 7352732378 ] ],
                    "groupPolicy" : [ "urjanet.pull.web.GroupPolicy", {
                      "groupName" : "chargeGroup",
                      "action" : "ENUMERATE_NEXT"
                    } ],
                    "name" : "chargeGroup3"
                  } ],
                  "chargeGroup4" : [ "urjanet.pull.core.Extract", {
                    "subExtractMap" : [ "java.util.HashMap", { } ],
                    "extractValuesMap" : [ "java.util.concurrent.ConcurrentHashMap", {
                      "meta.source_type" : [ "urjanet.pull.core.ExtractValue", {
                        "version" : null,
                        "id" : null,
                        "created" : [ "java.util.Date", 1445545564365 ],
                        "name" : "meta.source_type",
                        "value" : "PDF",
                        "formatHint" : null,
                        "operationType" : null,
                        "references" : [ "java.util.ArrayList", [ ] ]
                      } ],
                      "uc.charge_position" : [ "urjanet.pull.core.ExtractValue", {
                        "version" : null,
                        "id" : null,
                        "created" : [ "java.util.Date", 1445545564372 ],
                        "name" : "uc.charge_position",
                        "value" : "542",
                        "formatHint" : null,
                        "operationType" : null,
                        "references" : [ "java.util.ArrayList", [ ] ]
                      } ],
                      "uc.usage_charge_id" : [ "urjanet.pull.core.ExtractValue", {
                        "version" : null,
                        "id" : null,
                        "created" : [ "java.util.Date", 1445545564365 ],
                        "name" : "uc.usage_charge_id",
                        "value" : "ch.gross_receipts_tax",
                        "formatHint" : null,
                        "operationType" : null,
                        "references" : [ "java.util.ArrayList", [ ] ]
                      } ],
                      "uc.charge_amount" : [ "urjanet.pull.core.ExtractValue", {
                        "version" : null,
                        "id" : null,
                        "created" : [ "java.util.Date", 1445545564372 ],
                        "name" : "uc.charge_amount",
                        "value" : "95.79",
                        "formatHint" : null,
                        "operationType" : null,
                        "references" : [ "java.util.ArrayList", [ ] ]
                      } ],
                      "uc.rate_component_id" : [ "urjanet.pull.core.ExtractValue", {
                        "version" : null,
                        "id" : null,
                        "created" : [ "java.util.Date", 1445545564371 ],
                        "name" : "uc.rate_component_id",
                        "value" : "not_available",
                        "formatHint" : null,
                        "operationType" : null,
                        "references" : [ "java.util.ArrayList", [ ] ]
                      } ],
                      "uc.charge_actual_name" : [ "urjanet.pull.core.ExtractValue", {
                        "version" : null,
                        "id" : null,
                        "created" : [ "java.util.Date", 1445545564365 ],
                        "name" : "uc.charge_actual_name",
                        "value" : "Gross Receipts Tax",
                        "formatHint" : null,
                        "operationType" : null,
                        "references" : [ "java.util.ArrayList", [ ] ]
                      } ]
                    } ],
                    "contextVariables" : [ "java.util.concurrent.ConcurrentHashMap", { } ],
                    "references" : [ "java.util.ArrayList", [ ] ],
                    "sourceNodes" : [ "java.util.ArrayList", [ ] ],
                    "checksums" : [ "java.util.ArrayList", [ 7352732378 ] ],
                    "groupPolicy" : [ "urjanet.pull.web.GroupPolicy", {
                      "groupName" : "chargeGroup",
                      "action" : "ENUMERATE_NEXT"
                    } ],
                    "name" : "chargeGroup4"
                  } ],
                  "chargeGroup1" : [ "urjanet.pull.core.Extract", {
                    "subExtractMap" : [ "java.util.HashMap", { } ],
                    "extractValuesMap" : [ "java.util.concurrent.ConcurrentHashMap", {
                      "meta.source_type" : [ "urjanet.pull.core.ExtractValue", {
                        "version" : null,
                        "id" : null,
                        "created" : [ "java.util.Date", 1445545564354 ],
                        "name" : "meta.source_type",
                        "value" : "PDF",
                        "formatHint" : null,
                        "operationType" : null,
                        "references" : [ "java.util.ArrayList", [ ] ]
                      } ],
                      "uc.charge_position" : [ "urjanet.pull.core.ExtractValue", {
                        "version" : null,
                        "id" : null,
                        "created" : [ "java.util.Date", 1445545564357 ],
                        "name" : "uc.charge_position",
                        "value" : "515",
                        "formatHint" : null,
                        "operationType" : null,
                        "references" : [ "java.util.ArrayList", [ ] ]
                      } ],
                      "uc.usage_charge_id" : [ "urjanet.pull.core.ExtractValue", {
                        "version" : null,
                        "id" : null,
                        "created" : [ "java.util.Date", 1445545564354 ],
                        "name" : "uc.usage_charge_id",
                        "value" : "ch.dot_saftey_charge",
                        "formatHint" : null,
                        "operationType" : null,
                        "references" : [ "java.util.ArrayList", [ ] ]
                      } ],
                      "uc.charge_amount" : [ "urjanet.pull.core.ExtractValue", {
                        "version" : null,
                        "id" : null,
                        "created" : [ "java.util.Date", 1445545564357 ],
                        "name" : "uc.charge_amount",
                        "value" : "0.36",
                        "formatHint" : null,
                        "operationType" : null,
                        "references" : [ "java.util.ArrayList", [ ] ]
                      } ],
                      "uc.rate_component_id" : [ "urjanet.pull.core.ExtractValue", {
                        "version" : null,
                        "id" : null,
                        "created" : [ "java.util.Date", 1445545564356 ],
                        "name" : "uc.rate_component_id",
                        "value" : "not_available",
                        "formatHint" : null,
                        "operationType" : null,
                        "references" : [ "java.util.ArrayList", [ ] ]
                      } ],
                      "uc.charge_actual_name" : [ "urjanet.pull.core.ExtractValue", {
                        "version" : null,
                        "id" : null,
                        "created" : [ "java.util.Date", 1445545564354 ],
                        "name" : "uc.charge_actual_name",
                        "value" : "Pipeline Safety Fee",
                        "formatHint" : null,
                        "operationType" : null,
                        "references" : [ "java.util.ArrayList", [ ] ]
                      } ]
                    } ],
                    "contextVariables" : [ "java.util.concurrent.ConcurrentHashMap", { } ],
                    "references" : [ "java.util.ArrayList", [ ] ],
                    "sourceNodes" : [ "java.util.ArrayList", [ ] ],
                    "checksums" : [ "java.util.ArrayList", [ 7352732378 ] ],
                    "groupPolicy" : [ "urjanet.pull.web.GroupPolicy", {
                      "groupName" : "chargeGroup",
                      "action" : "ENUMERATE_NEXT"
                    } ],
                    "name" : "chargeGroup1"
                  } ],
                  "chargeGroup2" : [ "urjanet.pull.core.Extract", {
                    "subExtractMap" : [ "java.util.HashMap", { } ],
                    "extractValuesMap" : [ "java.util.concurrent.ConcurrentHashMap", {
                      "meta.source_type" : [ "urjanet.pull.core.ExtractValue", {
                        "version" : null,
                        "id" : null,
                        "created" : [ "java.util.Date", 1445545564357 ],
                        "name" : "meta.source_type",
                        "value" : "PDF",
                        "formatHint" : null,
                        "operationType" : null,
                        "references" : [ "java.util.ArrayList", [ ] ]
                      } ],
                      "uc.charge_position" : [ "urjanet.pull.core.ExtractValue", {
                        "version" : null,
                        "id" : null,
                        "created" : [ "java.util.Date", 1445545564360 ],
                        "name" : "uc.charge_position",
                        "value" : "500",
                        "formatHint" : null,
                        "operationType" : null,
                        "references" : [ "java.util.ArrayList", [ ] ]
                      } ],
                      "uc.usage_charge_id" : [ "urjanet.pull.core.ExtractValue", {
                        "version" : null,
                        "id" : null,
                        "created" : [ "java.util.Date", 1445545564358 ],
                        "name" : "uc.usage_charge_id",
                        "value" : "ch.access_charge",
                        "formatHint" : null,
                        "operationType" : null,
                        "references" : [ "java.util.ArrayList", [ ] ]
                      } ],
                      "uc.charge_amount" : [ "urjanet.pull.core.ExtractValue", {
                        "version" : null,
                        "id" : null,
                        "created" : [ "java.util.Date", 1445545564360 ],
                        "name" : "uc.charge_amount",
                        "value" : "20.00",
                        "formatHint" : null,
                        "operationType" : null,
                        "references" : [ "java.util.ArrayList", [ ] ]
                      } ],
                      "uc.rate_component_id" : [ "urjanet.pull.core.ExtractValue", {
                        "version" : null,
                        "id" : null,
                        "created" : [ "java.util.Date", 1445545564358 ],
                        "name" : "uc.rate_component_id",
                        "value" : "not_available",
                        "formatHint" : null,
                        "operationType" : null,
                        "references" : [ "java.util.ArrayList", [ ] ]
                      } ],
                      "uc.charge_actual_name" : [ "urjanet.pull.core.ExtractValue", {
                        "version" : null,
                        "id" : null,
                        "created" : [ "java.util.Date", 1445545564358 ],
                        "name" : "uc.charge_actual_name",
                        "value" : "Access Fee",
                        "formatHint" : null,
                        "operationType" : null,
                        "references" : [ "java.util.ArrayList", [ ] ]
                      } ]
                    } ],
                    "contextVariables" : [ "java.util.concurrent.ConcurrentHashMap", { } ],
                    "references" : [ "java.util.ArrayList", [ ] ],
                    "sourceNodes" : [ "java.util.ArrayList", [ ] ],
                    "checksums" : [ "java.util.ArrayList", [ 7352732378 ] ],
                    "groupPolicy" : [ "urjanet.pull.web.GroupPolicy", {
                      "groupName" : "chargeGroup",
                      "action" : "ENUMERATE_NEXT"
                    } ],
                    "name" : "chargeGroup2"
                  } ],
                  "chargeGroup0" : [ "urjanet.pull.core.Extract", {
                    "subExtractMap" : [ "java.util.HashMap", { } ],
                    "extractValuesMap" : [ "java.util.concurrent.ConcurrentHashMap", {
                      "meta.source_type" : [ "urjanet.pull.core.ExtractValue", {
                        "version" : null,
                        "id" : null,
                        "created" : [ "java.util.Date", 1445545564352 ],
                        "name" : "meta.source_type",
                        "value" : "PDF",
                        "formatHint" : null,
                        "operationType" : null,
                        "references" : [ "java.util.ArrayList", [ ] ]
                      } ],
                      "uc.charge_position" : [ "urjanet.pull.core.ExtractValue", {
                        "version" : null,
                        "id" : null,
                        "created" : [ "java.util.Date", 1445545564353 ],
                        "name" : "uc.charge_position",
                        "value" : "507",
                        "formatHint" : null,
                        "operationType" : null,
                        "references" : [ "java.util.ArrayList", [ ] ]
                      } ],
                      "uc.usage_charge_id" : [ "urjanet.pull.core.ExtractValue", {
                        "version" : null,
                        "id" : null,
                        "created" : [ "java.util.Date", 1445545564352 ],
                        "name" : "uc.usage_charge_id",
                        "value" : "ch.energy_efficiency_customer_svc",
                        "formatHint" : null,
                        "operationType" : null,
                        "references" : [ "java.util.ArrayList", [ ] ]
                      } ],
                      "uc.charge_amount" : [ "urjanet.pull.core.ExtractValue", {
                        "version" : null,
                        "id" : null,
                        "created" : [ "java.util.Date", 1445545564353 ],
                        "name" : "uc.charge_amount",
                        "value" : "16.82",
                        "formatHint" : null,
                        "operationType" : null,
                        "references" : [ "java.util.ArrayList", [ ] ]
                      } ],
                      "uc.rate_component_id" : [ "urjanet.pull.core.ExtractValue", {
                        "version" : null,
                        "id" : null,
                        "created" : [ "java.util.Date", 1445545564353 ],
                        "name" : "uc.rate_component_id",
                        "value" : "not_available",
                        "formatHint" : null,
                        "operationType" : null,
                        "references" : [ "java.util.ArrayList", [ ] ]
                      } ],
                      "uc.charge_actual_name" : [ "urjanet.pull.core.ExtractValue", {
                        "version" : null,
                        "id" : null,
                        "created" : [ "java.util.Date", 1445545564352 ],
                        "name" : "uc.charge_actual_name",
                        "value" : "Gas Energy Efficiency Fee",
                        "formatHint" : null,
                        "operationType" : null,
                        "references" : [ "java.util.ArrayList", [ ] ]
                      } ]
                    } ],
                    "contextVariables" : [ "java.util.concurrent.ConcurrentHashMap", { } ],
                    "references" : [ "java.util.ArrayList", [ ] ],
                    "sourceNodes" : [ "java.util.ArrayList", [ ] ],
                    "checksums" : [ "java.util.ArrayList", [ 7352732378 ] ],
                    "groupPolicy" : [ "urjanet.pull.web.GroupPolicy", {
                      "groupName" : "chargeGroup",
                      "action" : "ENUMERATE_NEXT"
                    } ],
                    "name" : "chargeGroup0"
                  } ]
                } ],
                "extractValuesMap" : [ "java.util.concurrent.ConcurrentHashMap", {
                  "meta.source_type" : [ "urjanet.pull.core.ExtractValue", {
                    "version" : null,
                    "id" : null,
                    "created" : [ "java.util.Date", 1445545564286 ],
                    "name" : "meta.source_type",
                    "value" : "PDF",
                    "formatHint" : null,
                    "operationType" : null,
                    "references" : [ "java.util.ArrayList", [ ] ]
                  } ],
                  "m.meter_number" : [ "urjanet.pull.core.ExtractValue", {
                    "version" : null,
                    "id" : null,
                    "created" : [ "java.util.Date", 1445545564294 ],
                    "name" : "m.meter_number",
                    "value" : "8623225",
                    "formatHint" : null,
                    "operationType" : null,
                    "references" : [ "java.util.ArrayList", [ ] ]
                  } ],
                  "m.service_type_id" : [ "urjanet.pull.core.ExtractValue", {
                    "version" : null,
                    "id" : null,
                    "created" : [ "java.util.Date", 1445545564286 ],
                    "name" : "m.service_type_id",
                    "value" : "natural_gas",
                    "formatHint" : null,
                    "operationType" : null,
                    "references" : [ "java.util.ArrayList", [ ] ]
                  } ],
                  "m.rate_or_tariff_actual_name" : [ "urjanet.pull.core.ExtractValue", {
                    "version" : null,
                    "id" : null,
                    "created" : [ "java.util.Date", 1445545564296 ],
                    "name" : "m.rate_or_tariff_actual_name",
                    "value" : "Sales, T&D, Gen Svc, Small Vol - GB2A",
                    "formatHint" : null,
                    "operationType" : null,
                    "references" : [ "java.util.ArrayList", [ ] ]
                  } ]
                } ],
                "contextVariables" : [ "java.util.concurrent.ConcurrentHashMap", {
                  "m.meter_number" : [ "urjanet.pull.core.ExtractValue", {
                    "version" : null,
                    "id" : null,
                    "created" : [ "java.util.Date", 1445545564294 ],
                    "name" : "m.meter_number",
                    "value" : "8623225",
                    "formatHint" : null,
                    "operationType" : null,
                    "references" : [ "java.util.ArrayList", [ ] ]
                  } ]
                } ],
                "references" : [ "java.util.ArrayList", [ ] ],
                "sourceNodes" : [ "java.util.ArrayList", [ ] ],
                "checksums" : [ "java.util.ArrayList", [ 7352732378 ] ],
                "groupPolicy" : [ "urjanet.pull.web.GroupPolicy", {
                  "groupName" : "meterGroup",
                  "action" : "JOIN_EXISTING_OR_CREATE_ONVARIABLE"
                } ],
                "name" : "meterGroup0"
              } ],
              "statisticsGroup0" : [ "urjanet.pull.core.Extract", {
                "subExtractMap" : [ "java.util.HashMap", { } ],
                "extractValuesMap" : [ "java.util.concurrent.ConcurrentHashMap", {
                  "meta.source_type" : [ "urjanet.pull.core.ExtractValue", {
                    "version" : null,
                    "id" : null,
                    "created" : [ "java.util.Date", 1445545564377 ],
                    "name" : "meta.source_type",
                    "value" : "PDF",
                    "formatHint" : null,
                    "operationType" : null,
                    "references" : [ "java.util.ArrayList", [ ] ]
                  } ],
                  "stat.cost_per_day" : [ "urjanet.pull.core.ExtractValue", {
                    "version" : null,
                    "id" : null,
                    "created" : [ "java.util.Date", 1445545564378 ],
                    "name" : "stat.cost_per_day",
                    "value" : " $48.01",
                    "formatHint" : null,
                    "operationType" : null,
                    "references" : [ "java.util.ArrayList", [ ] ]
                  } ],
                  "stat.time_period_id" : [ "urjanet.pull.core.ExtractValue", {
                    "version" : null,
                    "id" : null,
                    "created" : [ "java.util.Date", 1445545564377 ],
                    "name" : "stat.time_period_id",
                    "value" : "this_month",
                    "formatHint" : null,
                    "operationType" : null,
                    "references" : [ "java.util.ArrayList", [ ] ]
                  } ],
                  "stat.energy_unit_id" : [ "urjanet.pull.core.ExtractValue", {
                    "version" : null,
                    "id" : null,
                    "created" : [ "java.util.Date", 1445545564377 ],
                    "name" : "stat.energy_unit_id",
                    "value" : "therms",
                    "formatHint" : null,
                    "operationType" : null,
                    "references" : [ "java.util.ArrayList", [ ] ]
                  } ],
                  "stat.units_per_day_for_time_period" : [ "urjanet.pull.core.ExtractValue", {
                    "version" : null,
                    "id" : null,
                    "created" : [ "java.util.Date", 1445545564377 ],
                    "name" : "stat.units_per_day_for_time_period",
                    "value" : "81.26",
                    "formatHint" : null,
                    "operationType" : null,
                    "references" : [ "java.util.ArrayList", [ ] ]
                  } ]
                } ],
                "contextVariables" : [ "java.util.concurrent.ConcurrentHashMap", { } ],
                "references" : [ "java.util.ArrayList", [ ] ],
                "sourceNodes" : [ "java.util.ArrayList", [ ] ],
                "checksums" : [ "java.util.ArrayList", [ 7352732378 ] ],
                "groupPolicy" : [ "urjanet.pull.web.GroupPolicy", {
                  "groupName" : "statisticsGroup",
                  "action" : "ENUMERATE_NEXT"
                } ],
                "name" : "statisticsGroup0"
              } ],
              "addressGroup1" : [ "urjanet.pull.core.Extract", {
                "subExtractMap" : [ "java.util.HashMap", { } ],
                "extractValuesMap" : [ "java.util.concurrent.ConcurrentHashMap", {
                  "meta.source_type" : [ "urjanet.pull.core.ExtractValue", {
                    "version" : null,
                    "id" : null,
                    "created" : [ "java.util.Date", 1445545564250 ],
                    "name" : "meta.source_type",
                    "value" : "PDF",
                    "formatHint" : null,
                    "operationType" : null,
                    "references" : [ "java.util.ArrayList", [ ] ]
                  } ],
                  "addr.address_type_id" : [ "urjanet.pull.core.ExtractValue", {
                    "version" : null,
                    "id" : null,
                    "created" : [ "java.util.Date", 1445545564251 ],
                    "name" : "addr.address_type_id",
                    "value" : "billing_address",
                    "formatHint" : null,
                    "operationType" : null,
                    "references" : [ "java.util.ArrayList", [ ] ]
                  } ],
                  "addr.address_raw_1" : [ "urjanet.pull.core.ExtractValue", {
                    "version" : null,
                    "id" : null,
                    "created" : [ "java.util.Date", 1445545564251 ],
                    "name" : "addr.address_raw_1",
                    "value" : "PO BOX 18737",
                    "formatHint" : null,
                    "operationType" : null,
                    "references" : [ "java.util.ArrayList", [ ] ]
                  } ],
                  "addr.address_raw_2" : [ "urjanet.pull.core.ExtractValue", {
                    "version" : null,
                    "id" : null,
                    "created" : [ "java.util.Date", 1445545564251 ],
                    "name" : "addr.address_raw_2",
                    "value" : "ENCINO CA 91416-8737",
                    "formatHint" : null,
                    "operationType" : null,
                    "references" : [ "java.util.ArrayList", [ ] ]
                  } ],
                  "addr.address_recipient1" : [ "urjanet.pull.core.ExtractValue", {
                    "version" : null,
                    "id" : null,
                    "created" : [ "java.util.Date", 1445545564250 ],
                    "name" : "addr.address_recipient1",
                    "value" : "STEWART & STEVENSON POWER PRODUCTS",
                    "formatHint" : null,
                    "operationType" : null,
                    "references" : [ "java.util.ArrayList", [ ] ]
                  } ]
                } ],
                "contextVariables" : [ "java.util.concurrent.ConcurrentHashMap", { } ],
                "references" : [ "java.util.ArrayList", [ ] ],
                "sourceNodes" : [ "java.util.ArrayList", [ ] ],
                "checksums" : [ "java.util.ArrayList", [ 7352732378 ] ],
                "groupPolicy" : [ "urjanet.pull.web.GroupPolicy", {
                  "groupName" : "addressGroup",
                  "action" : "ENUMERATE_NEXT"
                } ],
                "name" : "addressGroup1"
              } ],
              "addressGroup2" : [ "urjanet.pull.core.Extract", {
                "subExtractMap" : [ "java.util.HashMap", { } ],
                "extractValuesMap" : [ "java.util.concurrent.ConcurrentHashMap", {
                  "meta.source_type" : [ "urjanet.pull.core.ExtractValue", {
                    "version" : null,
                    "id" : null,
                    "created" : [ "java.util.Date", 1445545564259 ],
                    "name" : "meta.source_type",
                    "value" : "PDF",
                    "formatHint" : null,
                    "operationType" : null,
                    "references" : [ "java.util.ArrayList", [ ] ]
                  } ],
                  "addr.address_type_id" : [ "urjanet.pull.core.ExtractValue", {
                    "version" : null,
                    "id" : null,
                    "created" : [ "java.util.Date", 1445545564261 ],
                    "name" : "addr.address_type_id",
                    "value" : "service_address",
                    "formatHint" : null,
                    "operationType" : null,
                    "references" : [ "java.util.ArrayList", [ ] ]
                  } ],
                  "addr.address_raw_1" : [ "urjanet.pull.core.ExtractValue", {
                    "version" : null,
                    "id" : null,
                    "created" : [ "java.util.Date", 1445545564260 ],
                    "name" : "addr.address_raw_1",
                    "value" : "1515 W MURRAY DR",
                    "formatHint" : null,
                    "operationType" : null,
                    "references" : [ "java.util.ArrayList", [ ] ]
                  } ],
                  "addr.address_raw_2" : [ "urjanet.pull.core.ExtractValue", {
                    "version" : null,
                    "id" : null,
                    "created" : [ "java.util.Date", 1445545564260 ],
                    "name" : "addr.address_raw_2",
                    "value" : "FARMINGTON, NM",
                    "formatHint" : null,
                    "operationType" : null,
                    "references" : [ "java.util.ArrayList", [ ] ]
                  } ]
                } ],
                "contextVariables" : [ "java.util.concurrent.ConcurrentHashMap", { } ],
                "references" : [ "java.util.ArrayList", [ ] ],
                "sourceNodes" : [ "java.util.ArrayList", [ ] ],
                "checksums" : [ "java.util.ArrayList", [ 7352732378 ] ],
                "groupPolicy" : [ "urjanet.pull.web.GroupPolicy", {
                  "groupName" : "addressGroup",
                  "action" : "ENUMERATE_NEXT"
                } ],
                "name" : "addressGroup2"
              } ],
              "addressGroup0" : [ "urjanet.pull.core.Extract", {
                "subExtractMap" : [ "java.util.HashMap", { } ],
                "extractValuesMap" : [ "java.util.concurrent.ConcurrentHashMap", {
                  "meta.source_type" : [ "urjanet.pull.core.ExtractValue", {
                    "version" : null,
                    "id" : null,
                    "created" : [ "java.util.Date", 1445545564243 ],
                    "name" : "meta.source_type",
                    "value" : "PDF",
                    "formatHint" : null,
                    "operationType" : null,
                    "references" : [ "java.util.ArrayList", [ ] ]
                  } ],
                  "addr.address_type_id" : [ "urjanet.pull.core.ExtractValue", {
                    "version" : null,
                    "id" : null,
                    "created" : [ "java.util.Date", 1445545564248 ],
                    "name" : "addr.address_type_id",
                    "value" : "payment_address",
                    "formatHint" : null,
                    "operationType" : null,
                    "references" : [ "java.util.ArrayList", [ ] ]
                  } ],
                  "addr.address_raw_1" : [ "urjanet.pull.core.ExtractValue", {
                    "version" : null,
                    "id" : null,
                    "created" : [ "java.util.Date", 1445545564247 ],
                    "name" : "addr.address_raw_1",
                    "value" : "PO Box 173341",
                    "formatHint" : null,
                    "operationType" : null,
                    "references" : [ "java.util.ArrayList", [ ] ]
                  } ],
                  "addr.address_raw_2" : [ "urjanet.pull.core.ExtractValue", {
                    "version" : null,
                    "id" : null,
                    "created" : [ "java.util.Date", 1445545564248 ],
                    "name" : "addr.address_raw_2",
                    "value" : "Denver, CO 80217-3341",
                    "formatHint" : null,
                    "operationType" : null,
                    "references" : [ "java.util.ArrayList", [ ] ]
                  } ],
                  "addr.address_recipient1" : [ "urjanet.pull.core.ExtractValue", {
                    "version" : null,
                    "id" : null,
                    "created" : [ "java.util.Date", 1445545564247 ],
                    "name" : "addr.address_recipient1",
                    "value" : "New Mexico Gas Company",
                    "formatHint" : null,
                    "operationType" : null,
                    "references" : [ "java.util.ArrayList", [ ] ]
                  } ]
                } ],
                "contextVariables" : [ "java.util.concurrent.ConcurrentHashMap", { } ],
                "references" : [ "java.util.ArrayList", [ ] ],
                "sourceNodes" : [ "java.util.ArrayList", [ ] ],
                "checksums" : [ "java.util.ArrayList", [ 7352732378 ] ],
                "groupPolicy" : [ "urjanet.pull.web.GroupPolicy", {
                  "groupName" : "addressGroup",
                  "action" : "ENUMERATE_NEXT"
                } ],
                "name" : "addressGroup0"
              } ]
            } ],
            "extractValuesMap" : [ "java.util.concurrent.ConcurrentHashMap", {
              "sum.statement_date" : [ "urjanet.pull.core.ExtractValue", {
                "version" : null,
                "id" : null,
                "created" : [ "java.util.Date", 1445545564262 ],
                "name" : "sum.statement_date",
                "value" : "13-APR-2012",
                "formatHint" : "dd-MMM-yyyy",
                "operationType" : null,
                "references" : [ "java.util.ArrayList", [ ] ]
              } ],
              "meta.source_type" : [ "urjanet.pull.core.ExtractValue", {
                "version" : null,
                "id" : null,
                "created" : [ "java.util.Date", 1445545564234 ],
                "name" : "meta.source_type",
                "value" : "PDF",
                "formatHint" : null,
                "operationType" : null,
                "references" : [ "java.util.ArrayList", [ ] ]
              } ],
              "a.account_number" : [ "urjanet.pull.core.ExtractValue", {
                "version" : null,
                "id" : null,
                "created" : [ "java.util.Date", 1445545564272 ],
                "name" : "a.account_number",
                "value" : "115668223-0891662-8",
                "formatHint" : null,
                "operationType" : null,
                "references" : [ "java.util.ArrayList", [ ] ]
              } ],
              "sum.amount_due" : [ "urjanet.pull.core.ExtractValue", {
                "version" : null,
                "id" : null,
                "created" : [ "java.util.Date", 1445545564269 ],
                "name" : "sum.amount_due",
                "value" : "1,440.46",
                "formatHint" : null,
                "operationType" : null,
                "references" : [ "java.util.ArrayList", [ ] ]
              } ],
              "sum.contact_phone1" : [ "urjanet.pull.core.ExtractValue", {
                "version" : null,
                "id" : null,
                "created" : [ "java.util.Date", 1445545564273 ],
                "name" : "sum.contact_phone1",
                "value" : "1-888-664-2726",
                "formatHint" : null,
                "operationType" : null,
                "references" : [ "java.util.ArrayList", [ ] ]
              } ],
              "sum.contact_phone2" : [ "urjanet.pull.core.ExtractValue", {
                "version" : null,
                "id" : null,
                "created" : [ "java.util.Date", 1445545564280 ],
                "name" : "sum.contact_phone2",
                "value" : "1-866-680-5512",
                "formatHint" : null,
                "operationType" : null,
                "references" : [ "java.util.ArrayList", [ ] ]
              } ],
              "a.account_name_1" : [ "urjanet.pull.core.ExtractValue", {
                "version" : null,
                "id" : null,
                "created" : [ "java.util.Date", 1445545564280 ],
                "name" : "a.account_name_1",
                "value" : "STEWART & STEVENSON POWER PRODUCTS",
                "formatHint" : null,
                "operationType" : null,
                "references" : [ "java.util.ArrayList", [ ] ]
              } ],
              "sum.total_bill_amount" : [ "urjanet.pull.core.ExtractValue", {
                "version" : null,
                "id" : null,
                "created" : [ "java.util.Date", 1445545564270 ],
                "name" : "sum.total_bill_amount",
                "value" : "1,440.46",
                "formatHint" : null,
                "operationType" : null,
                "references" : [ "java.util.ArrayList", [ ] ]
              } ],
              "sum.amount_due_by_date" : [ "urjanet.pull.core.ExtractValue", {
                "version" : null,
                "id" : null,
                "created" : [ "java.util.Date", 1445545564271 ],
                "name" : "sum.amount_due_by_date",
                "value" : "MAY 07, 2012",
                "formatHint" : "MMM dd, yyyy",
                "operationType" : null,
                "references" : [ "java.util.ArrayList", [ ] ]
              } ],
              "sum.new_charges" : [ "urjanet.pull.core.ExtractValue", {
                "version" : null,
                "id" : null,
                "created" : [ "java.util.Date", 1445545564269 ],
                "name" : "sum.new_charges",
                "value" : "1,440.46",
                "formatHint" : null,
                "operationType" : null,
                "references" : [ "java.util.ArrayList", [ ] ]
              } ]
            } ],
            "contextVariables" : [ "java.util.concurrent.ConcurrentHashMap", { } ],
            "references" : [ "java.util.ArrayList", [ ] ],
            "sourceNodes" : [ "java.util.ArrayList", [ ] ],
            "checksums" : [ "java.util.ArrayList", [ 7352732378 ] ],
            "groupPolicy" : [ "urjanet.pull.web.GroupPolicy", {
              "groupName" : "accountGroup",
              "action" : "ENUMERATE_NEXT"
            } ],
            "name" : "accountGroup0"
          } ]
        } ],
        "extractValuesMap" : [ "java.util.concurrent.ConcurrentHashMap", {
          "stmt.statement_type" : [ "urjanet.pull.core.ExtractValue", {
            "version" : null,
            "id" : null,
            "created" : [ "java.util.Date", 1445545564233 ],
            "name" : "stmt.statement_type",
            "value" : "statement_type_bill",
            "formatHint" : null,
            "operationType" : null,
            "references" : [ "java.util.ArrayList", [ ] ]
          } ],
          "meta.source_type" : [ "urjanet.pull.core.ExtractValue", {
            "version" : null,
            "id" : null,
            "created" : [ "java.util.Date", 1445545564232 ],
            "name" : "meta.source_type",
            "value" : "PDF",
            "formatHint" : null,
            "operationType" : null,
            "references" : [ "java.util.ArrayList", [ ] ]
          } ]
        } ],
        "contextVariables" : [ "java.util.concurrent.ConcurrentHashMap", { } ],
        "references" : [ "java.util.ArrayList", [ ] ],
        "sourceNodes" : [ "java.util.ArrayList", [ ] ],
        "checksums" : [ "java.util.ArrayList", [ 7352732378 ] ],
        "groupPolicy" : [ "urjanet.pull.web.GroupPolicy", {
          "groupName" : "statementGroup",
          "action" : "ENUMERATE_NEXT"
        } ],
        "name" : "statementGroup0"
      } ]
    } ],
    "extractValuesMap" : [ "java.util.concurrent.ConcurrentHashMap", {
      "p.provider_name" : [ "urjanet.pull.core.ExtractValue", {
        "version" : null,
        "id" : null,
        "created" : [ "java.util.Date", 1445545564382 ],
        "name" : "p.provider_name",
        "value" : "New Mexico Gas Company",
        "formatHint" : null,
        "operationType" : null,
        "references" : [ "java.util.ArrayList", [ ] ]
      } ],
      "meta.provider_id" : [ "urjanet.pull.core.ExtractValue", {
        "version" : null,
        "id" : null,
        "created" : [ "java.util.Date", 1445545564382 ],
        "name" : "meta.provider_id",
        "value" : "NewMexicoGas",
        "formatHint" : null,
        "operationType" : null,
        "references" : [ "java.util.ArrayList", [ ] ]
      } ]
    } ],
    "contextVariables" : [ "java.util.concurrent.ConcurrentHashMap", { } ],
    "references" : [ "java.util.ArrayList", [ ] ],
    "sourceNodes" : [ "java.util.ArrayList", [ ] ],
    "checksums" : [ "java.util.ArrayList", [ 7352732378 ] ],
    "groupPolicy" : null,
    "name" : null
  } ]
} ]