[ "java.util.HashMap", {
   
   "10010" : [ "java.util.ArrayList", [ [ "com.urjanet.bifrost.sdk.Statement", {
     "address" : [ "com.urjanet.bifrost.sdk.Address", {
       "billingName" : "JOHN DOE",
       "billingStreet1" : "123 Main Street",
       "billingStreet2" : null,
       "billingCity" : "ATLANTA",
       "billingState" : "GA",
       "billingCountry" : null,
       "billingPostalCode" : "12345",
       "billingPhone" : null
     } ],
     "accountNumber" : "10010",
     "totalBill" : [ "java.math.BigDecimal", -0.8200000000 ],
     "periodStart" : null,
     "periodEnd" : null,
     "dueDate" : [ "java.util.Date", 1537523200000 ],
     "paymentCurrency" : "USD",
     "statementDate" : [ "java.util.Date", 1429228800000 ],
     "recentPayment" : [ "java.math.BigDecimal", 123.4500000000 ],
     "recentPaymentDate" : null
   } ], 
   
   [ "com.urjanet.bifrost.sdk.Statement", {
     "address" : [ "com.urjanet.bifrost.sdk.Address", {
       "billingName" : "JOHN DOE",
       "billingStreet1" : "123 Main Street",
       "billingStreet2" : null,
       "billingCity" : "ATLANTA",
       "billingState" : "GA",
       "billingCountry" : null,
       "billingPostalCode" : "12345",
       "billingPhone" : null
     } ],
     "accountNumber" : "10010",
     "totalBill" : [ "java.math.BigDecimal", 91.0200000000 ],
     "periodStart" : null,
     "periodEnd" : null,
     "dueDate" : [ "java.util.Date", 1437523200000 ],
     "paymentCurrency" : "USD",
     "statementDate" : [ "java.util.Date", 1435708800000 ],
     "recentPayment" : [ "java.math.BigDecimal", -86.0500000000 ],
     "recentPaymentDate" : [ "java.util.Date", 1433203200000 ]
    } ] ] ]
 } ]