<?xml version="1.0" encoding="UTF-8"?>

<configuration>

  <appender name="STDOUT" class="ch.qos.logback.core.ConsoleAppender">
    <!-- encoders are assigned the type
         ch.qos.logback.classic.encoder.PatternLayoutEncoder by default -->
    <encoder>
      <pattern>%d{HH:mm:ss.SSS} [%thread] %-5level %logger{5} - %msg%n</pattern>
    </encoder>
  </appender>

  <logger name="urjanet.hit.template.source.build.constructor" level="ON" additivity="false">
   <appender-ref ref="STDOUT" />
  </logger>
  
  <logger name="ch.qos.logback" level="WARN"/>
  <logger name="org.reflections" level="OFF"/>
  <logger name="org.apache.http" level="OFF"/>
  <logger name="org.apache.commons.beanutils.BeanUtils" level="OFF"/>

  <logger name="urjanet.hit.template.source" level="ON"/>

  <!-- Strictly speaking, the level attribute is not necessary since -->
  <!-- the level of the root level is set to DEBUG by default.       -->
  <root level="DEBUG">          
    <appender-ref ref="STDOUT" />
  </root>  
  
</configuration>
