<?xml version="1.0" encoding="UTF-8"?>

<configuration scan="true">
  <include resource="org/springframework/boot/logging/logback/defaults.xml"/>

  <springProperty scope="context" name="springAppName" source="spring.application.name"/>
  <property name="CONSOLE_LOG_PATTERN"
              value="%clr(%d{yyyy-MM-dd HH:mm:ss.SSS}){faint} %clr(${LOG_LEVEL_PATTERN:-%5p}) %clr([${springAppName:-},%X{X-B3-TraceId:-},%X{X-B3-SpanId:-},%X{X-Span-Export:-}]){yellow} %clr(${PID:- }){magenta} %clr(---){faint} %clr([%15.15t]){faint} %clr(%-40.40logger{39}){cyan} %clr(:){faint} %m%n${LOG_EXCEPTION_CONVERSION_WORD:-%wEx}"/>
  <appender name="STDOUT" class="ch.qos.logback.core.ConsoleAppender">
    <filter class="ch.qos.logback.classic.filter.ThresholdFilter">
      <!-- Minimum logging level to be presented in the console logs-->
      <level>INFO</level>
    </filter>
    <encoder>
      <pattern>${CONSOLE_LOG_PATTERN}</pattern>
      <charset>utf8</charset>
    </encoder>
  </appender>
  
	<logger name="com.amazonaws" level="ERROR" />
	<logger name="org.apache.http" level="INFO" />
	<logger name="org.springframework" level="INFO" />
	<logger name="org.hibernate" level="INFO" />

	<root level="DEBUG">
		<appender-ref ref="STDOUT" />
	</root>

</configuration>
