{
  "variables": {
    "aws_access_key": "",
    "aws_secret_key": "",
    "build_number": null,
    "spring_profiles_active": "default",
    "base_ami":"ami-d8b6cab2",
    "jar_version":"2.2",
    "base_dir": "."
  },
  "builders": [{
    "type": "amazon-ebs",
    "access_key": "{{user `aws_access_key`}}",
    "secret_key": "{{user `aws_secret_key`}}",
    "region": "us-east-1",
    "source_ami": "{{user `base_ami`}}",
    "instance_type": "t2.micro",
    "ssh_username": "ubuntu",
    "ami_name": "forseti-scheduler-{{user `build_number`}}",
    "security_group_id": "sg-a6fa26dd",
    "tags": {
      "Build": "{{user `build_number`}}",
      "service": "forseti",
      "Application": "scheduler",
      "cloudservice": "ami",
      "Name": "forseti_scheduler"
    }
  }],
  "provisioners": [
    {
      "type": "ansible",
      "playbook_file": "{{ user `base_dir` }}/provision-scheduler.yml",
      "extra_arguments": [ "--extra-vars", "SPRING_PROFILES_ACTIVE={{user `spring_profiles_active`}} jar_version={{user `jar_version`}}"]
    }
    
  ]
}
