{"web":{"client_id":"102675246584-516qal21cgt62vbstsbihodoctrll8gk.apps.googleusercontent.com","project_id":"devdashboard-1196","auth_uri":"https://accounts.google.com/o/oauth2/auth","token_uri":"https://accounts.google.com/o/oauth2/token","auth_provider_x509_cert_url":"https://www.googleapis.com/oauth2/v1/certs","client_secret":"1MTXG2afKZajJbj_deTljUrO","redirect_uris":["http://localhost:9000/devPortal/openID/callback","http://chn-proxy.urjanet.net/devPortal/openID/callback"],"javascript_origins":["http://localhost:9000","http://chn-proxy.urjanet.net"]}}
