<configuration>

    <appender name="FILE" class="ch.qos.logback.core.rolling.RollingFileAppender">
        <file>/var/log/devPortal/application.log</file>
        <rollingPolicy class="ch.qos.logback.core.rolling.TimeBasedRollingPolicy">
            <!-- Daily rollover with compression -->
            <fileNamePattern>devportal-application-log-%d{yyyy-MM-dd}.gz</fileNamePattern>
            <!-- keep 30 days worth of history -->
            <maxHistory>30</maxHistory>
        </rollingPolicy>
        <encoder>
            <pattern>%date{yyyy-MM-dd HH:mm:ss.SSS} [%level] from [%logger] in [%thread] - [%class{36}  - %M - %L] - %message%n%xException</pattern>
        </encoder>
    </appender>

    <appender name="ERROR_FILE" class="ch.qos.logback.core.rolling.RollingFileAppender">
        <file>/var/log/devPortal/error.log</file>
        <rollingPolicy class="ch.qos.logback.core.rolling.TimeBasedRollingPolicy">
            <!-- daily rollover with compression -->
            <fileNamePattern>devPortal-error-log-%d{yyyy-MM-dd}.gz</fileNamePattern>
            <!-- keep 1 month worth of history -->
            <maxHistory>30</maxHistory>
        </rollingPolicy>
        <encoder>
            <pattern>%date{yyyy-MM-dd HH:mm:ss.SSS} [%level] from [%logger] in [%thread] - [%class{36}  - %M - %L] - %message%n%xException</pattern>
<!-- this quadruples logging throughput -->
            <immediateFlush>false</immediateFlush>
        </encoder>
    </appender>

    <!-- additivity=false ensures access log data only goes to the access log -->
    <logger name="error" level="ERROR" additivity="false">
        <appender-ref ref="ERROR_FILE" />
    </logger>

    <root level="INFO">
        <appender-ref ref="FILE"/>
    </root>

</configuration>
