{
  "variables": {
    "aws_access_key": "",
    "aws_secret_key": "",
    "build_number": null,
    "base_ami":"ami-1e220265",
    "packer_security_group": null,
    "packer_subnet": null,
    "jar_version": null
  },
  "builders": [{
    "type": "amazon-ebs",
    "access_key": "{{user `aws_access_key`}}",
    "secret_key": "{{user `aws_secret_key`}}",
    "region": "us-east-1",
    "source_ami_filter": {
                "filters": {
                    "virtualization-type": "hvm",
                    "name": "java8server_ubuntu16*",
                    "root-device-type": "ebs"
                },
                "owners": "291789168161",
                "most_recent": true
            },
    "instance_type": "t2.micro",
    "ssh_username": "ubuntu",
    "ami_name": "pib-api-{{user `build_number`}}-{{timestamp}}",
    "security_group_id": "{{user `packer_security_group`}}",
    "subnet_id": "{{user `packer_subnet`}}",
    "tags": {
      "Build": "{{user `build_number`}}",
      "service": "pib",
      "Application": "api",
      "cloudservice": "ami",
      "Name": "pib_api"
    }
  }],
  "provisioners": [
    {
      "type": "ansible",
      "playbook_file": "provision-api.yml",
      "extra_arguments": [ "--extra-vars", "jar_version={{user `jar_version`}}"]
    }
    
  ]
}
