{
    "Description": "Forseti resources",
    "AWSTemplateFormatVersion" : "2010-09-09",

    "Mappings" : {
      "EnvMap" : {
        "integration" : {
                  "vpcId" : "vpc-59a99c3c",
                  "vpcCidrBlock": "172.24.0.0/16",
                  "bastionSecurityGroupId" : "sg-bdf5c4d9",
                  "vpcZoneIdentifier" : ["subnet-ca39a293","subnet-7cf87557"],
                  "sslCertificateArn" : "arn:aws:acm:us-east-1:713901513416:certificate/1a24ed19-644f-4d6b-ad86-57c78de02db9",
                  "sshKeyPair" : "build-server"
                },
        "qa" : {
                "vpcId" : "vpc-fd3c0898",
                "vpcCidrBlock": "172.25.0.0/16",
                "bastionSecurityGroupId" : "sg-30d0e154",
                "vpcZoneIdentifier" : ["subnet-2859d403","subnet-9de77dc4"],
                "sslCertificateArn" : "arn:aws:acm:us-east-1:713901513416:certificate/1a24ed19-644f-4d6b-ad86-57c78de02db9",
                "sshKeyPair" : "build-server"
               },
        "prod" : {
               "vpcId" : "vpc-ab2a16ce",
               "vpcCidrBlock": "172.26.0.0/16",
               "bastionSecurityGroupId" : "sg-1eb8807a",
               "vpcZoneIdentifier" : ["subnet-c56e0d9c","subnet-e6ad94dc"],
               "sslCertificateArn" : "arn:aws:acm:us-east-1:291789168161:certificate/687b848b-845a-4b9a-9065-6dda71fe42f4",
               "sshKeyPair" : "rainforestkeypair"
              }
      }
    },
    "Parameters": {
       "deployEnv" : {
        "Description" : "Which environment's VPC, etc. resources to use",
        "Default" : "integration",
        "AllowedValues" : ["integration", "qa","prod"],
        "ConstraintDescription" : "must specify integration, qa, or prod",
        "Type" : "String"
      },
       "PagerdutyUrl" : {
         "Description" : "PagerDuty URL to post alarms to",
         "Type" : "String",
         "Default" : "NONE"
       },
       "stackName" : {
         "Description" : "Name of the CF stack to be created or updated (used for tagging)",
         "Type" : "String",
         "Default" : "NONE"
       },
       "apiAMI" : {
           "Description" : "AMI for Forseti API",
           "Type" : "AWS::EC2::Image::Id"
       },
       "apiType" : {
         "Type" : "String",
         "Default" : "t2.small",
         "AllowedValues" : ["t2.medium", "t2.small"],
         "Description" : "Enter t2.medium, t2.small. Default is t2.small."
       },
       "desiredAPIPoolSize" : {
         "Default" : "1",
         "Description" : "Desired number of Forseti API servers",
         "Type" : "Number",
         "MinValue" : "0",
         "MaxValue" : "16"
       },
       "minAPIPoolSize" : {
         "Default" : "0",
         "Description" : "Minimum number of Forseti API servers",
         "Type" : "Number",
         "MinValue" : "0",
         "MaxValue" : "16"
       },
       "maxAPIPoolSize" : {
         "Default" : "32",
         "Description" : "Maximum number of Forseti API servers",
         "Type" : "Number",
         "MinValue" : "1",
         "MaxValue" : "32"
       },
       "apiUserData" : {
         "Type" : "String",
         "Default" : "TBD",
         "Description" : "User data supplied to Forseti API servers"
       },
       "schedulerAMI" : {
           "Description" : "AMI for Forseti Scheduler",
           "Type" : "AWS::EC2::Image::Id"
       },
       "schedulerType" : {
         "Type" : "String",
         "Default" : "t2.small",
         "AllowedValues" : ["t2.medium", "t2.small"],
         "Description" : "Enter t2.medium, t2.small. Default is t2.small."
       },
       "desiredSchedulerPoolSize" : {
         "Default" : "1",
         "Description" : "Desired number of Forseti Scheduler servers",
         "Type" : "Number",
         "MinValue" : "0",
         "MaxValue" : "16"
       },
       "minSchedulerPoolSize" : {
         "Default" : "0",
         "Description" : "Minimum number of Forseti Scheduler servers",
         "Type" : "Number",
         "MinValue" : "0",
         "MaxValue" : "16"
       },
       "maxSchedulerPoolSize" : {
         "Default" : "32",
         "Description" : "Maximum number of Forseti Scheduler servers",
         "Type" : "Number",
         "MinValue" : "1",
         "MaxValue" : "32"
       },
       "schedulerUserData" : {
         "Type" : "String",
         "Default" : "TBD",
         "Description" : "User data supplied to Forseti Scheduler servers"
       },
       "connectAMI" : {
           "Description" : "AMI for Forseti Connect",
           "Type" : "AWS::EC2::Image::Id"
       },
       "connectType" : {
         "Type" : "String",
         "Default" : "t2.small",
         "AllowedValues" : ["t2.medium", "t2.small"],
         "Description" : "Enter t2.medium, t2.small. Default is t2.small."
       },
       "desiredConnectPoolSize" : {
         "Default" : "1",
         "Description" : "Desired number of Forseti Connect servers",
         "Type" : "Number",
         "MinValue" : "0",
         "MaxValue" : "16"
       },
       "minConnectPoolSize" : {
         "Default" : "0",
         "Description" : "Minimum number of Forseti Connect servers",
         "Type" : "Number",
         "MinValue" : "0",
         "MaxValue" : "16"
       },
       "maxConnectPoolSize" : {
         "Default" : "32",
         "Description" : "Maximum number of Forseti Connect servers",
         "Type" : "Number",
         "MinValue" : "1",
         "MaxValue" : "32"
       },
       "minSuccessfulInstancesAPI" : {
        "Default" : "33",
        "Description" : "Percentage of API instances in an Auto Scaling rolling update that must signal success for an update to succeed",
        "Type" : "Number",
        "MinValue" : "1",
        "MaxValue" : "100"
       },
       "minSuccessfulInstancesConnect" : {
        "Default" : "33",
        "Description" : "Percentage of Connect instances in an Auto Scaling rolling update that must signal success for an update to succeed",
        "Type" : "Number",
        "MinValue" : "1",
        "MaxValue" : "100"
       },
       "minSuccessfulInstancesScheduler" : {
        "Default" : "33",
        "Description" : "Percentage of Scheduler instances in an Auto Scaling rolling update that must signal success for an update to succeed",
        "Type" : "Number",
        "MinValue" : "1",
        "MaxValue" : "100"
       },            
       "cfnSignalsAPI" : {
        "Default" : "1",
        "Description" : "Number of signals required before stack update will complete",
        "Type" : "Number",
        "MinValue" : "1",
        "MaxValue" : "32"
      },
      "cfnSignalsConnect" : {
        "Default" : "1",
        "Description" : "Number of signals required before stack update will complete",
        "Type" : "Number",
        "MinValue" : "1",
        "MaxValue" : "32"
      },
      "cfnSignalsScheduler" : {
        "Default" : "1",
        "Description" : "Number of signals required before stack update will complete",
        "Type" : "Number",
        "MinValue" : "1",
        "MaxValue" : "32"
      },
       "connectUserData" : {
         "Type" : "String",
         "Default" : "TBD",
         "Description" : "User data supplied to Forseti Connect servers"
       },
       "databaseAllocatedStorage" : {
         "Default" : "10",
         "Description" : "Database size (gigabytes)",
         "Type" : "Number"
       },
       "databaseBackupRetentionPeriod" : {
         "Default" : "3",
         "Description" : "Database backup retention period (days)",
         "Type" : "Number"
       },
       "databaseInstanceType" : {
         "Description" : "Database instance type",
         "Type" : "String",
         "Default" : "db.t2.small"
       },
       "databaseMasterUsername" : {
         "Description" : "Database master username",
         "Type" : "String"
       },
       "databaseMasterPassword" : {
         "Description" : "Database master password",
         "Type" : "String"
       },
       "databaseMultiAZ" : {
         "Description" : "Deploy database in multiples availability zones",
         "Type" : "String",
         "Default" : "false"
       },
       "databaseStorageType" : {
         "Description" : "Type of storage",
         "Type" : "String",
         "Default" : "standard",
         "AllowedValues" : ["gp2", "standard"]
       }
    },
    "Conditions" : {
       "PublishAlarms" : {
          "Fn::Not" : [{
             "Fn::Equals" : [
                {"Ref" : "PagerdutyUrl"},
                "NONE"
             ]
          }]
       }
     },
    "Resources" : {
      "ForsetiRole": {
                 "Type": "AWS::IAM::Role",
                 "Properties": {
                    "AssumeRolePolicyDocument": {
                       "Version" : "2012-10-17",
                       "Statement": [ {
                          "Effect": "Allow",
                          "Principal": {
                             "Service": [ "ec2.amazonaws.com" ]
                          },
                          "Action": [ "sts:AssumeRole" ]
                       } ]
                    },
                    "Path": "/",
                    "Policies": [ {
                       "PolicyName": "root",
                       "PolicyDocument": {
                          "Version" : "2012-10-17",
                          "Statement": [
                                {
                                  "Effect": "Allow",
                                  "NotAction": "iam:*",
                                  "Resource": "*"
                                }
                          ]
                      }
                    } ]
            }
      },
      "ForsetiIamRole" : {
        "Type": "AWS::IAM::InstanceProfile",
        "Properties": {
          "Path": "/",
          "Roles": [ { "Ref" : "ForsetiRole" }]
        }
      },
      "ForsetiAlertsTopic" : {
         "Type" : "AWS::SNS::Topic",
         "Condition": "PublishAlarms",
         "Properties" : {
           "DisplayName" : "Forseti Alerts",
           "Subscription": [
             {
               "Endpoint": { "Ref": "PagerdutyUrl"},
               "Protocol": "https"
             }
           ]
         }
       },
        "ForsetiResponseQueue" : {
            "Type": "AWS::SQS::Queue",
            "Properties": {
                "ReceiveMessageWaitTimeSeconds" : 15,
                "RedrivePolicy": {
                    "deadLetterTargetArn" : {"Fn::GetAtt" : [ "ForsetiResponseDLQueue" , "Arn" ]},
                    "maxReceiveCount" : 196
                }
            }
        },
        "ForsetiResponseDLQueue" : {
            "Type": "AWS::SQS::Queue",
            "Properties": {
                "ReceiveMessageWaitTimeSeconds" : 15
            }
        },
        "ForsetiResponseTopic" : {
            "Type" : "AWS::SNS::Topic",
            "Properties" : {
                "DisplayName" : "Return topic for forseti responses",
                "Subscription": [
                                 {
                                     "Endpoint": {
                                         "Fn::GetAtt": ["ForsetiResponseQueue", "Arn"]
                                     },
                                     "Protocol": "sqs"
                                 }
                                 ]
            }
        },
        "ForsetiHeartbeatTopic" : {
            "Type" : "AWS::SNS::Topic",
            "Properties" : {
                "DisplayName" : "Topic for forseti heartbeat messages",
                "Subscription": [
                                 
                                 ]
            }
        },
           
        "ForsetiPolicy":{
            "Type":"AWS::SQS::QueuePolicy",
            "Properties":{        
                "PolicyDocument":{
                    "Version":"2012-10-17",
                    "Id":"ForsetiPolicy",
                    "Statement":[
                                 {
                                     "Sid":"Allow-SendMessage-To-Various queues-From-Forseti-Topics",
                                     "Effect":"Allow",           
                                     "Principal":"*",
                                     "Action":["sqs:SendMessage"],
                                     "Resource":"*",
                                     "Condition":{
                                         "ArnEquals":{
                                             "aws:SourceArn":[{"Ref":"ForsetiResponseTopic"}]
                                         }
                                     }
                                 }
                                 ]
                },
                "Queues":[{"Ref":"ForsetiResponseQueue"}]
            }
        },
         "ForsetiFailureTopic" : {
         "Type" : "AWS::SNS::Topic",
         "Properties" : {
           "DisplayName" : "Forseti Failures"
          }
       },
      "ForsetiSecurityGroup" : {
          "Type" : "AWS::EC2::SecurityGroup",
          "Properties" : {
            "GroupDescription" : "Security group for all workers",
            "VpcId" : { "Fn::FindInMap" : [ "EnvMap", { "Ref" : "deployEnv" }, "vpcId"]},
            "SecurityGroupIngress" : [
              {
                "IpProtocol" : "tcp",
                "FromPort" : "22",
                "ToPort" : "22",
                "SourceSecurityGroupId": { "Fn::FindInMap" : [ "EnvMap", { "Ref" : "deployEnv" }, "bastionSecurityGroupId"] }
              }
            ],
            "SecurityGroupEgress" : [
              {
                "IpProtocol" : "-1",
                "CidrIp" : "0.0.0.0/0",
                "FromPort" : "-1",
                "ToPort" : "-1"
              }
            ], "Tags": [
                {
                    "Key": "environment",
                    "Value": {"Ref": "deployEnv"}
                },
                {
                    "Key": "service",
                    "Value": "forseti"
                },
                {
                    "Key": "cloudservice",
                    "Value": "sg"
                },
                {
                    "Key": "stack",
                    "Value": {"Ref": "stackName"}
                },
                {
                    "Key": "Name",
                    "Value": {"Fn::Join": ["_", [{"Ref": "deployEnv"}, "forseti"]]}
                }
            ]

          }
        },
      "APIElbSecurityGroup": {
          "Type" : "AWS::EC2::SecurityGroup",
          "Properties" : {
            "GroupDescription" : "Security group for the API Load balancer",
            "VpcId" : { "Fn::FindInMap" : [ "EnvMap", { "Ref" : "deployEnv" }, "vpcId"]},
            "SecurityGroupIngress" : [
              {
                "IpProtocol" : "tcp",
                "FromPort" : "443",
                "ToPort" : "443",
                "CidrIp" : "0.0.0.0/0"
              }
            ],
            "SecurityGroupEgress" : [
              {
                "IpProtocol" : "-1",
                "CidrIp" : "0.0.0.0/0",
                "FromPort" : "-1",
                "ToPort" : "-1"
              }
            ], "Tags": [
                {
                    "Key": "environment",
                    "Value": {"Ref": "deployEnv"}
                },
                {
                    "Key": "service",
                    "Value": "forseti"
                },
                {
                    "Key": "cloudservice",
                    "Value": "sg"
                },
                {
                    "Key": "stack",
                    "Value": {"Ref": "stackName"}
                },
                {
                    "Key": "Name",
                    "Value": {"Fn::Join": ["_", [{"Ref": "deployEnv"}, "forseti"]]}
                }
            ]

          }
        },
        "APISecurityGroup" : {
          "Type" : "AWS::EC2::SecurityGroup",
          "Properties" : {
            "GroupDescription" : "Security group for the api",
            "VpcId" : { "Fn::FindInMap" : [ "EnvMap", { "Ref" : "deployEnv" }, "vpcId"]},
            "SecurityGroupIngress" : [
              {
                "IpProtocol" : "tcp",
                "FromPort" : "22",
                "ToPort" : "22",
                "SourceSecurityGroupId": { "Fn::FindInMap" : [ "EnvMap", { "Ref" : "deployEnv" }, "bastionSecurityGroupId"] }
              },
              {
                "IpProtocol" : "tcp",
                "FromPort" : "8080",
                "ToPort" : "8080",
                "SourceSecurityGroupId": { "Ref": "APIElbSecurityGroup"}
              }
            ],
            "SecurityGroupEgress" : [
              {
                "IpProtocol" : "-1",
                "CidrIp" : "0.0.0.0/0",
                "FromPort" : "-1",
                "ToPort" : "-1"
              }
            ], "Tags": [
                {
                    "Key": "environment",
                    "Value": {"Ref": "deployEnv"}
                },
                {
                    "Key": "service",
                    "Value": "forseti"
                },
                {
                    "Key": "cloudservice",
                    "Value": "sg"
                },
                {
                    "Key": "stack",
                    "Value": {"Ref": "stackName"}
                },
                {
                    "Key": "Name",
                    "Value": {"Fn::Join": ["_", [{"Ref": "deployEnv"}, "forseti"]]}
                }
            ]

          }
        },
        "APILoadBalancer" : {
          "Type": "AWS::ElasticLoadBalancing::LoadBalancer",
          "Properties": {
            "AccessLoggingPolicy" : {
              "EmitInterval" : 5,
              "Enabled" : "True",
              "S3BucketName" : "urjanet-elb-logs"
            },
            "CrossZone" : "true",
            "HealthCheck" : {
              "HealthyThreshold" : "2",
              "Interval" : "15",
              "Target" : "HTTP:8080/health",
              "Timeout" : "5",
              "UnhealthyThreshold" : "2"
            },
            "Listeners" : [
              {
                 "InstancePort" : "8080",
                 "InstanceProtocol" : "HTTP",
                 "LoadBalancerPort" : "443",
                 "Protocol" : "HTTPS",
                 "SSLCertificateId" : { "Fn::FindInMap" : [ "EnvMap", { "Ref" : "deployEnv" }, "sslCertificateArn"] }
              }
             ],
            "SecurityGroups" : [ { "Ref" : "APIElbSecurityGroup" } ],
            "Subnets" : { "Fn::FindInMap" : [ "EnvMap", { "Ref" : "deployEnv" }, "vpcZoneIdentifier"] },
            "Tags": [
                {
                    "Key": "environment",
                    "Value": { "Ref": "deployEnv" }
                },
                {
                    "Key": "service",
                    "Value": "forseti"
                },
                {
                    "Key": "stack",
                    "Value": {"Ref": "stackName"}
                },
                {
                    "Key": "Application",
                    "Value": "api"
                },
                {
                    "Key": "cloudservice",
                    "Value": "elb"
                },
                {
                    "Key": "Name",
                    "Value": {"Fn::Join": ["_", [{"Ref": "deployEnv"}, "forseti", "api"]]}
                }
            ]
          }
        },
        "APILaunchConfiguration" : {
           "Type" : "AWS::AutoScaling::LaunchConfiguration",
           "Properties" : {
              "AssociatePublicIpAddress" : "true",
              "IamInstanceProfile" : { "Ref": "ForsetiIamRole" },
              "ImageId" : { "Ref" : "apiAMI" },
              "InstanceType" : { "Ref" : "apiType" },
              "KeyName" : { "Fn::FindInMap" : [ "EnvMap", { "Ref" : "deployEnv" }, "sshKeyPair"] },
              "SecurityGroups" : [{ "Ref": "APISecurityGroup" }],
              "UserData" : { "Fn::Base64" : {"Fn::Join" : [ "", [ { "Ref" : "apiUserData" }, ";database_url:","jdbc:mysql://",
                                            { "Fn::GetAtt": [ "applicationDatabase", "Endpoint.Address" ] },
                                            ":",
                                            { "Fn::GetAtt": [ "applicationDatabase", "Endpoint.Port" ] },
                                            "/forseti_api"
                                          ] ] } }
           }
        },
        "APIASG" : {
            "Type" : "AWS::AutoScaling::AutoScalingGroup",
            "Properties" : {
              "Cooldown" : "300",
              "DesiredCapacity" : { "Ref" : "desiredAPIPoolSize" },
              "HealthCheckGracePeriod" : "600",
              "HealthCheckType" : "ELB",
              "LaunchConfigurationName" : { "Ref" : "APILaunchConfiguration" },
              "LoadBalancerNames" : [{"Ref": "APILoadBalancer"}],
              "MaxSize" : { "Ref" : "maxAPIPoolSize" },
              "MinSize" : { "Ref" : "minAPIPoolSize" },
              "TerminationPolicies" : [ "OldestInstance" ],
              "VPCZoneIdentifier" : { "Fn::FindInMap" : [ "EnvMap", { "Ref" : "deployEnv" }, "vpcZoneIdentifier"] },
              "Tags" : [
                {
                    "Key": "environment",
                    "Value": { "Ref": "deployEnv" },
                    "PropagateAtLaunch": "true"
                },
                {
                    "Key": "service",
                    "Value": "forseti",
                    "PropagateAtLaunch": "true"
                },
                {
                    "Key": "stack",
                    "Value": {"Ref": "stackName"},
                    "PropagateAtLaunch": "true"
                },
                {
                    "Key": "Application",
                    "Value": "api",
                    "PropagateAtLaunch": "true"
                },
                {
                    "Key": "cloudservice",
                    "Value": "ec2",
                    "PropagateAtLaunch": "true"
                },
                {
                    "Key": "Name",
                    "Value": {"Fn::Join": ["_", [{"Ref": "deployEnv"}, "forseti", "api"]]},
                    "PropagateAtLaunch": "true"
                }
              ]
            },
            "CreationPolicy": {
              "ResourceSignal": {
                "Count": { "Ref" : "cfnSignalsAPI" },
                "Timeout": "PT10M"
              }
            },
            "UpdatePolicy" : {
              "AutoScalingRollingUpdate" : {
                "MinInstancesInService" : "1",
                "MinSuccessfulInstancesPercent" : { "Ref" : "minSuccessfulInstancesAPI" }, 
                "PauseTime" : "PT10M",
                "WaitOnResourceSignals" : "true"
              },
              "AutoScalingScheduledAction" : {
                "IgnoreUnmodifiedGroupSizeProperties" : "false"
              }
            }
       },
        "SchedulerLaunchConfiguration" : {
           "Type" : "AWS::AutoScaling::LaunchConfiguration",
           "Properties" : {
              "AssociatePublicIpAddress" : "true",
              "IamInstanceProfile" : { "Ref": "ForsetiIamRole" },
              "ImageId" : { "Ref" : "schedulerAMI" },
              "InstanceType" : { "Ref" : "schedulerType" },
              "KeyName" : { "Fn::FindInMap" : [ "EnvMap", { "Ref" : "deployEnv" }, "sshKeyPair"] },
              "SecurityGroups" : [{ "Ref": "ForsetiSecurityGroup" }],
              "UserData" : { "Fn::Base64" : {"Fn::Join" : [ "", [ { "Ref" : "schedulerUserData" }, ";database_url:","jdbc:mysql://",
                                            { "Fn::GetAtt": [ "applicationDatabase", "Endpoint.Address" ] },
                                            ":",
                                            { "Fn::GetAtt": [ "applicationDatabase", "Endpoint.Port" ] },
                                            "/forseti_api"
                                          ] ] } }
           }
        },
        "SchedulerASG" : {
            "Type" : "AWS::AutoScaling::AutoScalingGroup",
            "Properties" : {
              "Cooldown" : "300",
              "DesiredCapacity" : { "Ref" : "desiredSchedulerPoolSize" },
              "HealthCheckGracePeriod" : "600",
              "HealthCheckType" : "EC2",
              "LaunchConfigurationName" : { "Ref" : "SchedulerLaunchConfiguration" },
              "MaxSize" : { "Ref" : "maxSchedulerPoolSize" },
              "MinSize" : { "Ref" : "minSchedulerPoolSize" },
              "TerminationPolicies" : [ "OldestInstance" ],
              "VPCZoneIdentifier" : { "Fn::FindInMap" : [ "EnvMap", { "Ref" : "deployEnv" }, "vpcZoneIdentifier"] },
              "Tags" : [
                {
                    "Key": "environment",
                    "Value": { "Ref": "deployEnv" },
                    "PropagateAtLaunch": "true"
                },
                {
                    "Key": "service",
                    "Value": "forseti",
                    "PropagateAtLaunch": "true"
                },
                {
                    "Key": "stack",
                    "Value": {"Ref": "stackName"},
                    "PropagateAtLaunch": "true"
                },
                {
                    "Key": "Application",
                    "Value": "scheduler",
                    "PropagateAtLaunch": "true"
                },
                {
                    "Key": "cloudservice",
                    "Value": "ec2",
                    "PropagateAtLaunch": "true"
                },
                {
                    "Key": "Name",
                    "Value": {"Fn::Join": ["_", [{"Ref": "deployEnv"}, "forseti", "scheduler"]]},
                    "PropagateAtLaunch": "true"
                }
              ]
            },
            "CreationPolicy": {
              "ResourceSignal": {
                "Count": { "Ref" : "cfnSignalsScheduler" },
                "Timeout": "PT10M"
              }
            },
            "UpdatePolicy" : {
              "AutoScalingRollingUpdate" : {
                "MinInstancesInService" : "1",
                "MinSuccessfulInstancesPercent" : { "Ref" : "minSuccessfulInstancesScheduler" }, 
                "PauseTime" : "PT10M",
                "WaitOnResourceSignals" : "true"
              },
              "AutoScalingScheduledAction" : {
                "IgnoreUnmodifiedGroupSizeProperties" : "false"
              }
            }
       },
	"ConnectLaunchConfiguration" : {
	       "Type" : "AWS::AutoScaling::LaunchConfiguration",
	       "Properties" : {
	          "AssociatePublicIpAddress" : "true",
	          "IamInstanceProfile" : { "Ref": "ForsetiIamRole" },
	          "ImageId" : { "Ref" : "connectAMI" },
	          "InstanceType" : { "Ref" : "connectType" },
	          "KeyName" : { "Fn::FindInMap" : [ "EnvMap", { "Ref" : "deployEnv" }, "sshKeyPair"] },
	          "SecurityGroups" : [{ "Ref": "APISecurityGroup" }],
	          "UserData" : { "Fn::Base64" : {"Fn::Join" : [ "", [ { "Ref" : "connectUserData" }, ";database_url:","jdbc:mysql://",
                                            { "Fn::GetAtt": [ "applicationDatabase", "Endpoint.Address" ] },
                                            ":",
                                            { "Fn::GetAtt": [ "applicationDatabase", "Endpoint.Port" ] },
                                            "/forseti_api"
	                                      ] ] } }
	       }
	    },         
	"ConnectASG" : {
	            "Type" : "AWS::AutoScaling::AutoScalingGroup",
	            "Properties" : {
	              "Cooldown" : "300",
	              "DesiredCapacity" : { "Ref" : "desiredConnectPoolSize" },
	              "HealthCheckGracePeriod" : "600",
	              "HealthCheckType" : "EC2",
	              "LaunchConfigurationName" : { "Ref" : "ConnectLaunchConfiguration" },
	              "MaxSize" : { "Ref" : "maxConnectPoolSize" },
	              "MinSize" : { "Ref" : "minConnectPoolSize" },
	              "TerminationPolicies" : [ "OldestInstance" ],
	              "VPCZoneIdentifier" : { "Fn::FindInMap" : [ "EnvMap", { "Ref" : "deployEnv" }, "vpcZoneIdentifier"] },
	              "Tags" : [
                    {
                        "Key": "environment",
                        "Value": { "Ref": "deployEnv" },
                        "PropagateAtLaunch": "true"
                    },
                    {
                        "Key": "service",
                        "Value": "forseti",
                        "PropagateAtLaunch": "true"
                    },
                    {
                        "Key": "stack",
                        "Value": {"Ref": "stackName"},
                        "PropagateAtLaunch": "true"
                    },
                    {
                        "Key": "Application",
                        "Value": "connect",
                        "PropagateAtLaunch": "true"
                    },
                    {
                        "Key": "cloudservice",
                        "Value": "ec2",
                        "PropagateAtLaunch": "true"
                    },
                    {
                        "Key": "Name",
                        "Value": {"Fn::Join": ["_", [{"Ref": "deployEnv"}, "forseti", "connect"]]},
                        "PropagateAtLaunch": "true"
                    }
	              ]
	            },
                "CreationPolicy": {
                  "ResourceSignal": {
                    "Count": { "Ref" : "cfnSignalsConnect" },
                    "Timeout": "PT10M"
                  }
                },
                "UpdatePolicy" : {
                  "AutoScalingRollingUpdate" : {
                    "MinInstancesInService" : "1",
                    "MinSuccessfulInstancesPercent" : { "Ref" : "minSuccessfulInstancesConnect" }, 
                    "PauseTime" : "PT10M",
                    "WaitOnResourceSignals" : "true"
                  },
                  "AutoScalingScheduledAction" : {
                    "IgnoreUnmodifiedGroupSizeProperties" : "false"
                  }
                }
	       },         
         "ConnectASGScaleUpPolicy" : {
	      "Type" : "AWS::AutoScaling::ScalingPolicy",
	      "Properties" : {
	        "AdjustmentType" : "ChangeInCapacity",
	        "AutoScalingGroupName" : { "Ref" : "ConnectASG" },
	        "Cooldown" : "60",
	        "ScalingAdjustment" : "1"
	      }	
	},
	"ConnectASGScaleDownPolicy" : {
	      "Type" : "AWS::AutoScaling::ScalingPolicy",
	      "Properties" : {
	        "AdjustmentType" : "ChangeInCapacity",
	        "AutoScalingGroupName" : { "Ref" : "ConnectASG" },
	        "Cooldown" : "60",
	        "ScalingAdjustment" : "-1"
	      }	
	},
        "ConnectDLQueueAlarm": {
	 "Type": "AWS::CloudWatch::Alarm",
         "Condition": "PublishAlarms",
         "Properties" : {
            "AlarmActions" : [ { "Ref": "ForsetiAlertsTopic" } ],
            "OKActions" : [ { "Ref": "ForsetiAlertsTopic" } ],
	    "AlarmDescription": "Connect DL queue depth > 0 for 10 minutes",
	    "MetricName": "ApproximateNumberOfMessagesVisible",
	    "Namespace": "AWS/SQS",
	    "Statistic": "Average",
	    "Period": "300",
	    "EvaluationPeriods": "2",
	    "Threshold": "0",
	    "Dimensions": [
	      {
	        "Name": "QueueName",
	        "Value": { "Ref": "ForsetiResponseDLQueue" }
	      }
	    ],
	    "ComparisonOperator": "GreaterThanThreshold"
	  }
	},
	"ConnectScaleUpAlarm": {
	 "Type": "AWS::CloudWatch::Alarm",
	 "Properties": {
	    "AlarmDescription": "Scale-up SQS message size is greater than 9000 for 10 minutes",
	    "MetricName": "ApproximateNumberOfMessagesVisible",
	    "Namespace": "AWS/SQS",
	    "Statistic": "Average",
	    "Period": "300",
	    "EvaluationPeriods": "2",
	    "Threshold": "9000",
	    "AlarmActions": [ { "Ref": "ConnectASGScaleUpPolicy" } ],
	    "Dimensions": [
	      {
	        "Name": "QueueName",
	        "Value": { "Ref": "ForsetiResponseQueue" }
	      }
	    ],
	    "ComparisonOperator": "GreaterThanThreshold"
	  }
	},
	    "ConnectScaleDownAlarm": {
	     "Type": "AWS::CloudWatch::Alarm",
	     "Properties": {
		"AlarmDescription": "Scale-Down if SQS message size is less than or equal to 9000 for 10 minutes",
		"MetricName": "ApproximateNumberOfMessagesVisible",
		"Namespace": "AWS/SQS",
		"Statistic": "Average",
		"Period": "300",
		"EvaluationPeriods": "2",
		"Threshold": "9000",
		"AlarmActions": [ { "Ref": "ConnectASGScaleDownPolicy" } ],
		"Dimensions": [
		  {
		    "Name": "QueueName",
		    "Value": { "Ref": "ForsetiResponseQueue" }
		  }
		],
		"ComparisonOperator": "LessThanOrEqualToThreshold"
	      }
	    },
        "DatabaseSecurityGroup" :{
          "Type" : "AWS::EC2::SecurityGroup",
          "Properties" : {
            "GroupDescription" : "Security group for the database",
            "VpcId" : { "Fn::FindInMap" : [ "EnvMap", { "Ref" : "deployEnv" }, "vpcId"]},
            "SecurityGroupIngress" : [
              {
                "IpProtocol" : "tcp",
                "FromPort" : "3306",
                "ToPort" : "3306",
                "SourceSecurityGroupId": { "Fn::FindInMap" : [ "EnvMap", { "Ref" : "deployEnv" }, "bastionSecurityGroupId"] }
              },
              {
                "IpProtocol" : "tcp",
                "FromPort" : "3306",
                "ToPort" : "3306",
                "SourceSecurityGroupId": { "Ref": "ForsetiSecurityGroup"}
              },
              {
                "IpProtocol" : "tcp",
                "FromPort" : "3306",
                "ToPort" : "3306",
                "SourceSecurityGroupId": { "Ref": "APISecurityGroup"}
              }
            ], "Tags": [
                {
                    "Key": "environment",
                    "Value": {"Ref": "deployEnv"}
                },
                {
                    "Key": "service",
                    "Value": "forseti"
                },
                {
                    "Key": "cloudservice",
                    "Value": "sg"
                },
                {
                    "Key": "stack",
                    "Value": {"Ref": "stackName"}
                },
                {
                    "Key": "Name",
                    "Value": {"Fn::Join": ["_", [{"Ref": "deployEnv"}, "forseti"]]}
                }
            ]
          }
        },
        "DatabaseSubnetGroup" : {
          "Type" : "AWS::RDS::DBSubnetGroup",
          "Properties" : {
            "DBSubnetGroupDescription" : "Subnet group for the database",
            "SubnetIds" : { "Fn::FindInMap" : [ "EnvMap", { "Ref" : "deployEnv" }, "vpcZoneIdentifier"] }
          }
        },
        "DatabaseParameterGroup" : {
          "Type": "AWS::RDS::DBParameterGroup",
          "Properties" : {
            "Description" : "Parameter group for the database",
            "Family" : "mysql5.6",
            "Parameters" : {
              "character_set_client": "utf8",
              "character_set_database": "utf8",
              "character_set_results": "utf8",
              "character_set_server": "utf8",
              "character_set_connection": "utf8",
              "collation_connection": "utf8_unicode_ci",
              "collation_server": "utf8_unicode_ci"
            }
          }
        },
       "applicationDatabase" : {
          "Type" : "AWS::RDS::DBInstance",
          "Properties" :
          {
            "AllocatedStorage" : { "Ref" : "databaseAllocatedStorage" },
            "AllowMajorVersionUpgrade" : "true",
            "AutoMinorVersionUpgrade" : "true",
            "BackupRetentionPeriod" : { "Ref" : "databaseBackupRetentionPeriod" },
            "DBInstanceClass" : { "Ref" : "databaseInstanceType" },
            "DBParameterGroupName" : {"Ref" : "DatabaseParameterGroup"},
            "DBSubnetGroupName" : {"Ref" : "DatabaseSubnetGroup"},
            "DBName" : "forseti_api",
            "Engine" : "MySQL",
            "MasterUsername" : { "Ref" : "databaseMasterUsername" },
            "MasterUserPassword" : { "Ref" : "databaseMasterPassword" },
            "MultiAZ" : { "Ref" : "databaseMultiAZ" },
            "PubliclyAccessible" : "false",
            "StorageType" : { "Ref" : "databaseStorageType" },
            "Tags": [
                {
                    "Key": "environment",
                    "Value": { "Ref": "deployEnv" }
                },
                {
                    "Key": "service",
                    "Value": "forseti"
                },
                {
                    "Key": "stack",
                    "Value": {"Ref": "stackName"}
                },
                {
                    "Key": "cloudservice",
                    "Value": "rds"
                },
                {
                    "Key": "Name",
                    "Value": {"Fn::Join": ["_", [{"Ref": "deployEnv"}, "forseti"]]}
                }
            ],
            "VPCSecurityGroups" : [ { "Ref" : "DatabaseSecurityGroup" } ]
          }
        },
      "APIHostAlarm" : {
          "Type" : "AWS::CloudWatch::Alarm",
          "Condition": "PublishAlarms",
          "Properties" : {
            "AlarmActions" : [ { "Ref": "ForsetiAlertsTopic" } ],
            "OKActions" : [ { "Ref": "ForsetiAlertsTopic" } ],
            "AlarmDescription" : "Alarm will trigger if number of unhealthy API instances > 0",
            "ComparisonOperator" : "GreaterThanThreshold",
            "Dimensions" : [ {
               "Name": "LoadBalancerName",
               "Value": {"Ref": "APILoadBalancer" }
              }
             ],
            "EvaluationPeriods" : "3",
            "MetricName" : "UnhealthyHostCount",
            "Namespace" : "AWS/ELB",
            "Period" : "300",
            "Statistic" : "Average",
            "Threshold" : "0.0"
          }
        },
      "API400Alarm" : {
            "Type" : "AWS::CloudWatch::Alarm",
            "Condition": "PublishAlarms",
            "Properties" : {
              "AlarmActions" : [ { "Ref": "ForsetiAlertsTopic" } ],
              "OKActions" : [ { "Ref": "ForsetiAlertsTopic" } ],
              "AlarmDescription" : "Alarm will trigger if API returns 4xx",
              "ComparisonOperator" : "GreaterThanThreshold",
              "Dimensions" : [ {
                 "Name": "LoadBalancerName",
                 "Value": {"Ref": "APILoadBalancer" }
                }
               ],
              "EvaluationPeriods" : "1",
              "MetricName" : "HTTPCode_Backend_4XX",
              "Namespace" : "AWS/ELB",
              "Period" : "300",
              "Statistic" : "Sum",
              "Threshold" : "10.0"
            }
          },
          "API500Alarm" : {
            "Type" : "AWS::CloudWatch::Alarm",
            "Condition": "PublishAlarms",
            "Properties" : {
              "AlarmActions" : [ { "Ref": "ForsetiAlertsTopic" } ],
              "OKActions" : [ { "Ref": "ForsetiAlertsTopic" } ],
              "AlarmDescription" : "Alarm will trigger if API returns 5xx",
              "ComparisonOperator" : "GreaterThanThreshold",
              "Dimensions" : [ {
                 "Name": "LoadBalancerName",
                 "Value": {"Ref": "APILoadBalancer" }
                }
               ],
              "EvaluationPeriods" : "1",
              "MetricName" : "HTTPCode_Backend_5XX",
              "Namespace" : "AWS/ELB",
              "Period" : "300",
              "Statistic" : "Sum",
              "Threshold" : "3.0"
            }
          },
          "SchedulerHeartbeatAlarm": {
            "Type": "AWS::CloudWatch::Alarm",
            "Condition": "PublishAlarms",
            "Properties": {
              "AlarmActions" : [ { "Ref": "ForsetiAlertsTopic" } ],
              "OKActions" : [ { "Ref": "ForsetiAlertsTopic" } ],
              "AlarmDescription" : "This will alarm when the heartbeat topic has less than 1 message in 5 minutes", 
              "ComparisonOperator" : "LessThanThreshold",
              "Dimensions" : [ {
                "Name": "TopicName",
                "Value": { "Ref": "ForsetiHeartbeatTopic" }
              } ],
              "EvaluationPeriods" : "3",
              "MetricName" : "NumberOfMessagesPublished",
              "Namespace" : "AWS/SNS",
              "Period" : 300,
              "Statistic" : "Average",
              "Threshold" : "1.0",
              "Unit": "Count"
            }
          },
          "RDSCPUUtilizationAlarm": {
            "Type": "AWS::CloudWatch::Alarm",
            "Condition": "PublishAlarms",
            "Properties": {
              "AlarmActions" : [ { "Ref": "ForsetiAlertsTopic" } ],
              "OKActions" : [ { "Ref": "ForsetiAlertsTopic" } ],
              "AlarmDescription" : "Raise an alarm when Forseti RDS instance CPU Utilization exceeds 80%", 
              "ComparisonOperator" : "GreaterThanThreshold",
              "Dimensions" : [ {
                "Name": "DBInstanceIdentifier",
                "Value": { "Ref": "applicationDatabase" }
              } ],
              "EvaluationPeriods" : "1",
              "MetricName" : "CPUUtilization",
              "Namespace" : "AWS/RDS",
              "Period" : 300,
              "Statistic" : "Average",
              "Threshold" : "80",
              "Unit": "Percent"
            }
         },
          "RDSSwapAlarm": {
            "Type": "AWS::CloudWatch::Alarm",
            "Condition": "PublishAlarms",
            "Properties": {
              "AlarmActions" : [ { "Ref": "ForsetiAlertsTopic" } ],
              "OKActions" : [ { "Ref": "ForsetiAlertsTopic" } ],
              "AlarmDescription" : "Raise an alarm when Forseti RDS instance swap usage exceeds 1,000,000 bytes", 
              "ComparisonOperator" : "GreaterThanThreshold",
              "Dimensions" : [ {
                "Name": "DBInstanceIdentifier",
                "Value": { "Ref": "applicationDatabase" }
              } ],
              "EvaluationPeriods" : "3",
              "MetricName" : "SwapUsage",
              "Namespace" : "AWS/RDS",
              "Period" : 300,
              "Statistic" : "Average",
              "Threshold" : "1000000.0",
              "Unit": "Bytes"
            }
         },
	    "RDSConnectionsAlarm": {
	      "Type": "AWS::CloudWatch::Alarm",
	      "Condition": "PublishAlarms",
	      "Properties": {
	        "AlarmActions" : [ { "Ref": "ForsetiAlertsTopic" } ],
	        "OKActions" : [ { "Ref": "ForsetiAlertsTopic" } ],
	        "AlarmDescription" : "Raise an alarm when Forseti RDS instance connections count exceeds 100", 
	        "ComparisonOperator" : "GreaterThanThreshold",
	        "Dimensions" : [ {
	    	  "Name": "DBInstanceIdentifier",
		  "Value": { "Ref": "applicationDatabase" }
	        } ],
	        "EvaluationPeriods" : "1",
	        "MetricName" : "DatabaseConnections",
	        "Namespace" : "AWS/RDS",
	        "Period" : 300,
	        "Statistic" : "Average",
	        "Threshold" : "100",
	        "Unit": "Count"
	      }
	   },
          "RDSFreeStorageAlarm": {
            "Type": "AWS::CloudWatch::Alarm",
            "Condition": "PublishAlarms",
            "Properties": {
              "AlarmActions" : [ { "Ref": "ForsetiAlertsTopic" } ],
              "OKActions" : [ { "Ref": "ForsetiAlertsTopic" } ],
              "AlarmDescription" : "Raise an alarm when Forseti RDS instance free space is under 5368709120 bytes", 
              "ComparisonOperator" : "LessThanThreshold",
              "Dimensions" : [ {
                "Name": "DBInstanceIdentifier",
                "Value": { "Ref": "applicationDatabase" }
              } ],
              "EvaluationPeriods" : "3",
              "MetricName" : "FreeStorageSpace",
              "Namespace" : "AWS/RDS",
              "Period" : 300,
              "Statistic" : "Average",
              "Threshold" : "5368709120",
              "Unit": "Bytes"
            }
         }
    },
    "Outputs" : {
        "ForsetiResponseTopicArn": {
            "Description": "ARN of ForsetiResponseTopic",
            "Value": {
                "Ref" : "ForsetiResponseTopic"
            }    
        },
        "ForsetiAlertsTopicArn": {
          "Condition": "PublishAlarms",
          "Description": "ARN of ForsetiAlertsTopic",
          "Value": {
              "Ref" : "ForsetiAlertsTopic"
          }
        },
        "ForsetiResponseQueueUrl": {
            "Description": "URL of ForsetiResponseQueue",
            "Value": {
                "Ref" : "ForsetiResponseQueue"
            }

        },
        "ForsetiResponseDLQueueUrl": {
            "Description": "URL of ForsetiResponseDLQueue",
            "Value": {
                "Ref" : "ForsetiResponseDLQueue"
            }
        },
        "ForsetiHeartbeatTopic": {
            "Description": "ARN of ForsetiHeartbeatTopic",
            "Value": {
                "Ref" : "ForsetiHeartbeatTopic"
            }    
        },
        "ForsetiFailureTopic": {
            "Description": "ARN of ForsetiFailureTopic",
            "Value": {
                "Ref" : "ForsetiFailureTopic"
            }    
        }
    }
}
