<?xml version="1.0" encoding="UTF-8"?>

<configuration scan="false">

   <include resource="org/springframework/boot/logging/logback/defaults.xml"/>

   <springProperty scope="context" name="springAppName" source="spring.application.name"/>
   <property name="LOG_PATTERN"
              value="%clr(%d{yyyy-MM-dd HH:mm:ss.SSS}){faint} %clr(${LOG_LEVEL_PATTERN:-%5p}) %clr([${springAppName:-},%X{X-B3-TraceId:-},%X{X-B3-SpanId:-},%X{X-Span-Export:-}]){yellow} %clr(${PID:- }){magenta} %clr(---){faint} %clr([%15.15t]){faint} %clr(%-40.40logger{39}){cyan} %clr(:){faint} %m%n${LOG_EXCEPTION_CONVERSION_WORD:-%wEx}"/>

	<appender name="ELK"
		class="ch.qos.logback.core.rolling.RollingFileAppender">
		<file>/tmp/forseti-connect.log</file>
		<rollingPolicy class="ch.qos.logback.core.rolling.TimeBasedRollingPolicy">
			<!-- daily rollover. Make sure the path matches the one in the file element 
				or else the rollover logs are placed in the working directory. -->
			<fileNamePattern>/tmp/forseti-connect.log_%d{yyyy-MM-dd}.%i
			</fileNamePattern>

			<timeBasedFileNamingAndTriggeringPolicy
				class="ch.qos.logback.core.rolling.SizeAndTimeBasedFNATP">
				<maxFileSize>5MB</maxFileSize>
			</timeBasedFileNamingAndTriggeringPolicy>
			<!-- keep 3 days' worth of history -->
			<maxHistory>3</maxHistory>
		</rollingPolicy>
		<encoder
			class="net.logstash.logback.encoder.LoggingEventCompositeJsonEncoder">
			<providers>
                <pattern>${LOG_PATTERN}</pattern>
				<mdc />
                <pattern>
                    <pattern>
                        { "source_application": "forseti-connect" }
                    </pattern>
                </pattern>
                <provider class="com.urjanet.forseti.utils.UrjanetTagsJsonProvider" />
				<timestamp />
				<version />
				<message />
				<logLevel />
				<loggerName />
				<threadName />
				<logstashMarkers />
				<stackTrace />
				<nestedField>
					<fieldName>ec2</fieldName>
					<providers>
						<provider class="com.urjanet.forseti.utils.Ec2InstanceJsonProvider" />
					</providers>
				</nestedField>
			</providers>
		</encoder>

	</appender>

	<logger name="com.amazonaws" level="ERROR" />
	<logger name="org.apache.http" level="INFO" />
	<logger name="org.springframework" level="INFO" />
	<logger name="org.hibernate" level="INFO" />

	<root level="INFO">
		<appender-ref ref="ELK" />
	</root>

</configuration>
