<?xml version="1.0" encoding="UTF-8"?>

<databaseChangeLog xmlns="http://www.liquibase.org/xml/ns/dbchangelog"
	xmlns:xsi="http://www.w3.org/2001/XMLSchema-instance" xmlns:ext="http://www.liquibase.org/xml/ns/dbchangelog-ext"
	xsi:schemaLocation="http://www.liquibase.org/xml/ns/dbchangelog http://www.liquibase.org/xml/ns/dbchangelog/dbchangelog-3.0.xsd
        http://www.liquibase.org/xml/ns/dbchangelog-ext http://www.liquibase.org/xml/ns/dbchangelog/dbchangelog-ext.xsd">

	<changeSet id="6" author="amcconnell">
		<createTable tableName="statement">
			<column name="id" type="bigint" autoIncrement="true">
				<constraints primaryKey="true" nullable="false" />
			</column>

			<column name="job_id" type="bigint">
				<constraints nullable="false" unique="false" />
			</column>

			<column name="billing_name" type="varchar(255)">
				<constraints nullable="true" unique="false" />
			</column>

			<column name="billing_street_1" type="varchar(255)">
				<constraints nullable="true" unique="false" />
			</column>

			<column name="billing_street_2" type="varchar(255)">
				<constraints nullable="true" unique="false" />
			</column>

			<column name="billing_city" type="varchar(255)">
				<constraints nullable="true" unique="false" />
			</column>

			<column name="billing_state" type="varchar(255)">
				<constraints nullable="true" unique="false" />
			</column>

			<column name="billing_postal_code" type="varchar(255)">
				<constraints nullable="true" unique="false" />
			</column>

			<column name="billing_country" type="varchar(255)">
				<constraints nullable="true" unique="false" />
			</column>

			<column name="billing_phone" type="varchar(255)">
				<constraints nullable="true" unique="false" />
			</column>

			<column name="due_date" type="datetime">
				<constraints nullable="true" />
			</column>

			<column name="payment_currency" type="varchar(32)">
				<constraints nullable="true" unique="false" />
			</column>

			<column name="date_paid" type="datetime">
				<constraints nullable="true" />
			</column>

			<column name="service_period_start" type="datetime">
				<constraints nullable="true" />
			</column>

			<column name="service_period_end" type="datetime">
				<constraints nullable="true" />
			</column>

			<column name="create_date" type="datetime">
				<constraints nullable="false" />
			</column>
			
			<column name="last_modified" type="datetime">
				<constraints nullable="true" />
			</column>

			<column name="created_by" type="bigint">
				<constraints nullable="true" />
			</column>

			<column name="last_modified_by" type="bigint">
				<constraints nullable="true" />
			</column>

			<column name="version" type="bigint">
				<constraints nullable="false" />
			</column>
            
            <column name="total_bill" type="decimal(10,2)">
                <constraints nullable="true" />
            </column>

            <column name="outstanding_balance" type="decimal(10,2)">
                <constraints nullable="true" />
            </column>
            
            <column name="recent_payment" type="decimal(10,2)">
                <constraints nullable="true" />
            </column>
            
            <column name="new_charges" type="decimal(10,2)">
                <constraints nullable="true" />
            </column>
            
            <column name="previous_balance" type="decimal(10,2)">
                <constraints nullable="true" />
            </column>
            
		</createTable>

		<addForeignKeyConstraint baseColumnNames="job_id"
			baseTableName="statement" constraintName="fk_statement_pdr_id"
			referencedColumnNames="id" referencedTableName="pdr" />

		<rollback>
			<dropTable tableName="statement" />
		</rollback>

	</changeSet>

</databaseChangeLog>