<?xml version="1.0" encoding="UTF-8"?>

<databaseChangeLog xmlns="http://www.liquibase.org/xml/ns/dbchangelog"
	xmlns:xsi="http://www.w3.org/2001/XMLSchema-instance" xmlns:ext="http://www.liquibase.org/xml/ns/dbchangelog-ext"
	xsi:schemaLocation="http://www.liquibase.org/xml/ns/dbchangelog http://www.liquibase.org/xml/ns/dbchangelog/dbchangelog-3.0.xsd
        http://www.liquibase.org/xml/ns/dbchangelog-ext http://www.liquibase.org/xml/ns/dbchangelog/dbchangelog-ext.xsd">

	<changeSet id="25.1" author="bwilson">
		<preConditions onError="MARK_RAN" onFail="MARK_RAN">
			<tableExists tableName="QRTZ_CRON_TRIGGERS"/>
		</preConditions>
	    <dropForeignKeyConstraint baseTableName="QRTZ_CRON_TRIGGERS"
								  constraintName="FK_QRTZ_CRON_TRIGGERS_QRTZ_TRIGGERS"/>
		<dropTable tableName="QRTZ_CRON_TRIGGERS"/>
	</changeSet>

	<changeSet id="25.2" author="bwilson">
		<preConditions onError="MARK_RAN" onFail="MARK_RAN">
			<tableExists tableName="QRTZ_SIMPLE_TRIGGERS"/>
		</preConditions>
		<dropForeignKeyConstraint baseTableName="QRTZ_SIMPLE_TRIGGERS"
								  constraintName="FK_QRTZ_SIMPLE_TRIGGERS_QRTZ_TRIGGERS"/>
		<dropTable tableName="QRTZ_SIMPLE_TRIGGERS"/>
	</changeSet>

	<changeSet id="25.3" author="bwilson">
		<preConditions onError="MARK_RAN" onFail="MARK_RAN">
			<tableExists tableName="QRTZ_SIMPROP_TRIGGERS"/>
		</preConditions>
		<dropForeignKeyConstraint baseTableName="QRTZ_SIMPROP_TRIGGERS"
								  constraintName="FK_QRTZ_SIMPROP_TRIGGERS_QRTZ_TRIGGERS"/>
		<dropTable tableName="QRTZ_SIMPROP_TRIGGERS"/>
	</changeSet>

	<changeSet id="25.4" author="bwilson">
		<preConditions onError="MARK_RAN" onFail="MARK_RAN">
			<tableExists tableName="QRTZ_TRIGGERS"/>
		</preConditions>
		<dropForeignKeyConstraint baseTableName="QRTZ_TRIGGERS"
								  constraintName="FK_QRTZ_TRIGGERS_QRTZ_JOB_DETAILS"/>
		<dropTable tableName="QRTZ_TRIGGERS"/>
	</changeSet>

	<changeSet id="25.5" author="bwilson">
		<preConditions onError="MARK_RAN" onFail="MARK_RAN">
			<tableExists tableName="QRTZ_BLOB_TRIGGERS"/>
		</preConditions>
		<dropTable tableName="QRTZ_BLOB_TRIGGERS"/>
	</changeSet>

	<changeSet id="25.6" author="bwilson">
		<preConditions onError="MARK_RAN" onFail="MARK_RAN">
			<tableExists tableName="QRTZ_CALENDARS"/>
		</preConditions>
		<dropTable tableName="QRTZ_CALENDARS"/>
	</changeSet>

	<changeSet id="25.7" author="bwilson">
		<preConditions onError="MARK_RAN" onFail="MARK_RAN">
			<tableExists tableName="QRTZ_FIRED_TRIGGERS"/>
		</preConditions>
		<dropTable tableName="QRTZ_FIRED_TRIGGERS"/>
	</changeSet>

	<changeSet id="25.8" author="bwilson">
		<preConditions onError="MARK_RAN" onFail="MARK_RAN">
			<tableExists tableName="QRTZ_JOB_DETAILS"/>
		</preConditions>
		<dropTable tableName="QRTZ_JOB_DETAILS"/>
	</changeSet>

	<changeSet id="25.9" author="bwilson">
		<preConditions onError="MARK_RAN" onFail="MARK_RAN">
			<tableExists tableName="QRTZ_LOCKS"/>
		</preConditions>
		<dropTable tableName="QRTZ_LOCKS"/>
	</changeSet>

	<changeSet id="25.10" author="bwilson">
		<preConditions onError="MARK_RAN" onFail="MARK_RAN">
			<tableExists tableName="QRTZ_PAUSED_TRIGGER_GRPS"/>
		</preConditions>
		<dropTable tableName="QRTZ_PAUSED_TRIGGER_GRPS"/>
	</changeSet>

	<changeSet id="25.11" author="bwilson">
		<preConditions onError="MARK_RAN" onFail="MARK_RAN">
			<tableExists tableName="QRTZ_SCHEDULER_STATE"/>
		</preConditions>
		<dropTable tableName="QRTZ_SCHEDULER_STATE"/>
	</changeSet>
</databaseChangeLog>