<?xml version="1.0" encoding="UTF-8"?>

<databaseChangeLog xmlns="http://www.liquibase.org/xml/ns/dbchangelog"
	xmlns:xsi="http://www.w3.org/2001/XMLSchema-instance" xmlns:ext="http://www.liquibase.org/xml/ns/dbchangelog-ext"
	xsi:schemaLocation="http://www.liquibase.org/xml/ns/dbchangelog http://www.liquibase.org/xml/ns/dbchangelog/dbchangelog-3.0.xsd
        http://www.liquibase.org/xml/ns/dbchangelog-ext http://www.liquibase.org/xml/ns/dbchangelog/dbchangelog-ext.xsd">

	<changeSet id="26.1" author="bwilson">
		<preConditions onError="MARK_RAN" onFail="MARK_RAN">
			<tableExists tableName="provider_industry"/>
		</preConditions>
	    <dropForeignKeyConstraint baseTableName="provider_industry"
								  constraintName="fk_industry_provider_industry"/>
	    <dropForeignKeyConstraint baseTableName="provider_industry"
								  constraintName="fk_industry_provider_provider"/>
		<dropTable tableName="provider_industry"/>
	</changeSet>

	<changeSet id="26.2" author="bwilson">
		<preConditions onError="MARK_RAN" onFail="MARK_RAN">
			<tableExists tableName="industry"/>
		</preConditions>
		<dropTable tableName="industry"/>
	</changeSet>

	<changeSet id="26.3" author="bwilson">
		<preConditions onError="MARK_RAN" onFail="MARK_RAN">
			<tableExists tableName="provider"/>
		</preConditions>
		<dropTable tableName="provider"/>
	</changeSet>

</databaseChangeLog>