<?xml version="1.0" encoding="UTF-8"?>

<databaseChangeLog xmlns="http://www.liquibase.org/xml/ns/dbchangelog"
	xmlns:xsi="http://www.w3.org/2001/XMLSchema-instance" xmlns:ext="http://www.liquibase.org/xml/ns/dbchangelog-ext"
	xsi:schemaLocation="http://www.liquibase.org/xml/ns/dbchangelog http://www.liquibase.org/xml/ns/dbchangelog/dbchangelog-3.0.xsd
        http://www.liquibase.org/xml/ns/dbchangelog-ext http://www.liquibase.org/xml/ns/dbchangelog/dbchangelog-ext.xsd">

	<changeSet id="2" author="amcconnell">
		<createTable tableName="provider">
			<column name="id" type="bigint" autoIncrement="true">
				<constraints primaryKey="true" nullable="false" />
			</column>
			<column name="active" type="boolean">
				<constraints nullable="false" />
			</column>
			<column name="name" type="varchar(255)">
				<constraints nullable="false" unique="true" />
			</column>
			<column name="description" type="varchar(255)">
				<constraints nullable="true" unique="false" />
			</column>
			<column name="bifrost_provider_id" type="varchar(255)">
				<constraints nullable="false" unique="false" />
			</column>

			<column name="url" type="varchar(255)" />
			<column name="login_failures_reported" type="boolean"
				defaultValue="false">
				<constraints nullable="false" />
			</column>
			<column name="create_date" type="datetime">
				<constraints nullable="false" />
			</column>
			<column name="last_modified" type="datetime">
				<constraints nullable="true" />
			</column>

			<column name="created_by" type="bigint">
				<constraints nullable="true" />
			</column>

			<column name="last_modified_by" type="bigint">
				<constraints nullable="true" />
			</column>

			<column name="version" type="bigint">
				<constraints nullable="false" />
			</column>
		</createTable>

		<createTable tableName="provider_industry">
			<column name="provider_id" type="bigint">
				<constraints nullable="false" />
			</column>
			<column name="industry_id" type="bigint">
				<constraints nullable="false" />
			</column>
		</createTable>

		<addForeignKeyConstraint baseColumnNames="provider_id"
			baseTableName="provider_industry" constraintName="fk_industry_provider_provider"
			referencedColumnNames="id" referencedTableName="provider" onDelete="CASCADE" />

		<addForeignKeyConstraint baseColumnNames="industry_id"
			baseTableName="provider_industry" constraintName="fk_industry_provider_industry"
			referencedColumnNames="id" referencedTableName="industry" onDelete="CASCADE" />

		<addPrimaryKey columnNames="provider_id, industry_id"
			constraintName="unique_provider_industry" tableName="provider_industry" />

		<rollback>
			<dropTable tableName="provider" />
			<dropTable tableName="provider_industry" />
		</rollback>

	</changeSet>

</databaseChangeLog>