<?xml version="1.0" encoding="UTF-8"?>

<databaseChangeLog xmlns="http://www.liquibase.org/xml/ns/dbchangelog"
	xmlns:xsi="http://www.w3.org/2001/XMLSchema-instance" xmlns:ext="http://www.liquibase.org/xml/ns/dbchangelog-ext"
	xsi:schemaLocation="http://www.liquibase.org/xml/ns/dbchangelog http://www.liquibase.org/xml/ns/dbchangelog/dbchangelog-3.0.xsd
        http://www.liquibase.org/xml/ns/dbchangelog-ext http://www.liquibase.org/xml/ns/dbchangelog/dbchangelog-ext.xsd">

	<changeSet id="0" author="amcconnell">
		<createTable tableName="industry">
			<column name="id" type="bigint" autoIncrement="true">
				<constraints primaryKey="true" nullable="false" />
			</column>
			<column name="active" type="boolean">
				<constraints nullable="false" />
			</column>
			<column name="name" type="varchar(255)">
				<constraints nullable="false" unique="true" />
			</column>
			<column name="create_date" type="datetime">
				<constraints nullable="false" />
			</column>
			<column name="last_modified" type="datetime">
				<constraints nullable="true" />
			</column>

			<column name="created_by" type="bigint">
				<constraints nullable="true" />
			</column>

			<column name="last_modified_by" type="bigint">
				<constraints nullable="true" />
			</column>

			<column name="version" type="bigint">
				<constraints nullable="false" />
			</column>

		</createTable>


		<rollback>
			<dropTable tableName="industry" />
		</rollback>
	</changeSet>

</databaseChangeLog>