<?xml version="1.0" encoding="UTF-8"?>

<databaseChangeLog xmlns="http://www.liquibase.org/xml/ns/dbchangelog"
	xmlns:xsi="http://www.w3.org/2001/XMLSchema-instance" xmlns:ext="http://www.liquibase.org/xml/ns/dbchangelog-ext"
	xsi:schemaLocation="http://www.liquibase.org/xml/ns/dbchangelog http://www.liquibase.org/xml/ns/dbchangelog/dbchangelog-3.0.xsd
        http://www.liquibase.org/xml/ns/dbchangelog-ext http://www.liquibase.org/xml/ns/dbchangelog/dbchangelog-ext.xsd">

	<changeSet id="21.1" author="sparikh">
	    <dropForeignKeyConstraint baseTableName="pdr" constraintName="fk_pdr_provider_id"/>
	
	    <modifyDataType
	            columnName="provider_id"
	            newDataType="varchar(255)"
	            tableName="pdr"/>
	            
	    <addNotNullConstraint columnDataType="varchar(255)"
                              columnName="provider_id"
                              tableName="pdr"/>
                                      
	</changeSet>
	
	<changeSet id="21.2" author="sparikh">
		   
	    <!-- ATT -->
	    <update tableName="pdr">
	        <column name="provider_id" value="1e60a473-7de7-d436-a038-22000b109b8b" type="varchar(255)"/>
	        <where>provider_id='2'</where>
	    </update>
	    
	    <!-- Sprint (N/A) -->
		<update tableName="pdr">
	        <column name="provider_id" value="1e60a473-7edb-d67e-a038-22000b109b8b" type="varchar(255)"/>
	        <where>provider_id='3'</where>
	    </update>
	    
	    <!-- T-Mobile -->
		<update tableName="pdr">
	        <column name="provider_id" value="1e60a473-7e15-da68-a038-22000b109b8b" type="varchar(255)"/>
	        <where>provider_id='4'</where>
	    </update>
	    
	    <!-- Mock -->
		<update tableName="pdr">
	        <column name="provider_id" value="153a90d3-a41a-11e1-993e-12313d02ea33" type="varchar(255)"/>
	        <where>provider_id='5'</where>
	    </update>
	    
	    <!-- Comcast -->
		<update tableName="pdr">
	        <column name="provider_id" value="1e60a473-7eee-df00-a038-22000b109b8b" type="varchar(255)"/>
	        <where>provider_id='6'</where>
	    </update>
	    
	    <!-- DirecTV -->
		<update tableName="pdr">
	        <column name="provider_id" value="1e60a473-7e8f-db8c-a038-22000b109b8b" type="varchar(255)"/>
	        <where>provider_id='7'</where>
	    </update>
	    
	    <!-- Charter -->
		<update tableName="pdr">
	        <column name="provider_id" value="1e60a473-7e66-d37a-a038-22000b109b8b" type="varchar(255)"/>
	        <where>provider_id='8'</where>
	    </update>
	    
	    <!-- Verizon -->
	    <update tableName="pdr">
	        <column name="provider_id" value="1e60a473-7f13-d8f2-a038-22000b109b8b" type="varchar(255)"/>
	        <where>provider_id='1'</where>
	    </update>
	    
	</changeSet>
	
</databaseChangeLog>