<?xml version="1.0" encoding="UTF-8"?>

<databaseChangeLog xmlns="http://www.liquibase.org/xml/ns/dbchangelog"
	xmlns:xsi="http://www.w3.org/2001/XMLSchema-instance" xmlns:ext="http://www.liquibase.org/xml/ns/dbchangelog-ext"
	xsi:schemaLocation="http://www.liquibase.org/xml/ns/dbchangelog http://www.liquibase.org/xml/ns/dbchangelog/dbchangelog-3.0.xsd
        http://www.liquibase.org/xml/ns/dbchangelog-ext http://www.liquibase.org/xml/ns/dbchangelog/dbchangelog-ext.xsd">

	<changeSet id="31" author="darrenl">
		<createTable tableName="user">
			<column name="id" type="bigint" autoIncrement="true">
				<constraints primaryKey="true" nullable="false" />
			</column>

			<column name="username" type="varchar(50)">
				<constraints nullable="false" unique="false" />
			</column>

			<column name="organization_id" type="bigint">
				<constraints nullable="false" unique="false" />
			</column>

			<column name="organization_name" type="varchar(100)">
				<constraints nullable="false" unique="false" />
			</column>
            
		</createTable>


	</changeSet>

</databaseChangeLog>
