<?xml version="1.0" encoding="UTF-8"?>

<databaseChangeLog xmlns="http://www.liquibase.org/xml/ns/dbchangelog"
	xmlns:xsi="http://www.w3.org/2001/XMLSchema-instance" xmlns:ext="http://www.liquibase.org/xml/ns/dbchangelog-ext"
	xsi:schemaLocation="http://www.liquibase.org/xml/ns/dbchangelog http://www.liquibase.org/xml/ns/dbchangelog/dbchangelog-3.0.xsd
        http://www.liquibase.org/xml/ns/dbchangelog-ext http://www.liquibase.org/xml/ns/dbchangelog/dbchangelog-ext.xsd">

	<changeSet id="14.0" author="sparikh">
	
		<!-- Industry -->
 		<renameColumn tableName="industry"
            columnDataType="datetime"
            oldColumnName="create_date"
            newColumnName="created_date" />
            
        <addNotNullConstraint tableName="industry" 
         	columnDataType="datetime"
			columnName="created_date" />   
			
		<!-- Provider -->
 		<renameColumn tableName="provider"
            columnDataType="datetime"
            oldColumnName="create_date"
            newColumnName="created_date" />
            
        <addNotNullConstraint tableName="provider" 
         	columnDataType="datetime"
			columnName="created_date" />
		
		<!-- PDR -->
 		<renameColumn tableName="pdr"
            columnDataType="datetime"
            oldColumnName="create_date"
            newColumnName="created_date" />
            
        <addNotNullConstraint tableName="pdr" 
         	columnDataType="datetime"
			columnName="created_date" />	

		<!-- Statement -->
 		<renameColumn tableName="statement"
            columnDataType="datetime"
            oldColumnName="create_date"
            newColumnName="created_date" />
            
        <addNotNullConstraint tableName="statement" 
         	columnDataType="datetime"
			columnName="created_date" />
			
	</changeSet>
	
	
	<changeSet id="14.1" author="sparikh">
    
    <dropForeignKeyConstraint baseTableName="statement" constraintName="fk_statement_pdr_id"/>

	<renameColumn tableName="statement"
          columnDataType="bigint(20)"
          oldColumnName="job_id"
          newColumnName="pdr_id" />
          
      <addNotNullConstraint tableName="statement" 
       	columnDataType="bigint(20)"
		columnName="pdr_id" />
		
	<addForeignKeyConstraint baseColumnNames="pdr_id"
		baseTableName="statement" constraintName="fk_statement_pdr_id"
		referencedColumnNames="id" referencedTableName="pdr" />
      
    
      
	</changeSet>
	    

</databaseChangeLog>