<?xml version="1.0" encoding="UTF-8"?>

<databaseChangeLog xmlns="http://www.liquibase.org/xml/ns/dbchangelog"
	xmlns:xsi="http://www.w3.org/2001/XMLSchema-instance" xmlns:ext="http://www.liquibase.org/xml/ns/dbchangelog-ext"
	xsi:schemaLocation="http://www.liquibase.org/xml/ns/dbchangelog http://www.liquibase.org/xml/ns/dbchangelog/dbchangelog-3.0.xsd
        http://www.liquibase.org/xml/ns/dbchangelog-ext http://www.liquibase.org/xml/ns/dbchangelog/dbchangelog-ext.xsd">

	<changeSet id="4" author="amcconnell">

        <!-- "pdr" is short for Payment data Request -->
		<createTable tableName="pdr">

			<column name="id" type="bigint" autoIncrement="true">
				<constraints primaryKey="true" nullable="false" />
			</column>

			<column name="correlation_id" type="varchar(255)" />

			<column name="provider_id" type="bigint">
				<constraints nullable="false" />
			</column>

			<column name="username" type="varchar(255)">
				<constraints nullable="false" />
			</column>

			<column name="password" type="varchar(255)">
				<constraints nullable="false" />
			</column>

			<column name="account_number" type="varchar(255)">
				<constraints nullable="false" />
			</column>

			<column name="period_start" type="datetime">
				<constraints nullable="false" />
			</column>

			<column name="period_end" type="datetime">
				<constraints nullable="false" />
			</column>

			<column name="expiration_date" type="datetime">
				<constraints nullable="false" />
			</column>

			<column name="completion_callback_url" type="varchar(255)">
				<constraints nullable="true" />
			</column>

			<column name="completion_callback_result" type="int">
				<constraints nullable="true" />
			</column>

			<column name="source" type="varchar(255)">
				<constraints nullable="false" />
			</column>

			<column name="bifrost_id" type="varchar(255)">
				<constraints nullable="false" unique="true"/>
			</column>

			<column name="completion_status" type="varchar(255)" />

			<column name="completion_status_detail" type="varchar(255)" />

			<column name="started_at" type="datetime" />

			<column name="completed_at" type="datetime" />

			<column name="created_by" type="bigint">
				<constraints nullable="true" />
			</column>

			<column name="last_modified_by" type="bigint">
				<constraints nullable="true" />
			</column>

			<column name="organization" type="bigint">
				<constraints nullable="false" />
			</column>

			<column name="create_date" type="datetime">
				<constraints nullable="false" />
			</column>
			
			<column name="last_modified" type="datetime">
				<constraints nullable="true" />
			</column>

			<column name="version" type="bigint">
				<constraints nullable="false" />
			</column>

		</createTable>


    <addForeignKeyConstraint baseColumnNames="provider_id"
            baseTableName="pdr"
            constraintName="fk_pdr_provider_id"
            referencedColumnNames="id"
            referencedTableName="provider"/>
            
		<rollback>
			<dropTable tableName="pdr" />
		</rollback>

	</changeSet>

</databaseChangeLog>